"Time","AbsTime","SolarElevationAngle","SolarAzimuthAngle","x120","x121.4","x121.9","x122.3","x123.1","x123.8","x124.6","x125.4","x126.2","x127","x128.6","x129.4","x130.3","x132","x135","x137","x145","x155","x165","x170","x174.4","x177","x178.6","x180.2","x181.8","x183.5","x185.2","x186.9","x188.7","x190.5","x192.3","x194.2","x196.1","x198","x200","x202","x204.1","x205.8","x208.333","x210.526","x212.766","x215.054","x217.391","x219.78","x222.222","x224.719","x227.273","x229.885","x232.558","x235.294","x238.095","x240.964","x243.902","x246.914","x250","x253.165","x256.41","x259.74","x263.158","x266.667","x270.27","x273.973","x277.778","x281.69","x285.714","x289.855","x294.118","x298.5","x302.5","x303.5","x304.5","x305.5","x306.5","x307.5","x308.5","x309.5","x310.5","x311.5","x312.5","x313.5","x314.5","x317.5","x322.5","x327.5","x332.5","x337.5","x342.5","x347.5","x352.5","x357.5","x362.5","x367.5","x372.5","x377.5","x382.5","x387.5","x392.5","x397.5","x402.5","x407.5","x412.5","x417.5","x422.5","x427.5","x432.5","x437.5","x442.5","x447.5","x452.5","x457.5","x462.5","x467.5","x472.5","x477.5","x482.5","x487.5","x492.5","x497.5","x502.5","x507.5","x512.5","x517.5","x522.5","x527.5","x532.5","x537.5","x542.5","x547.5","x552.5","x557.5","x562.5","x567.5","x572.5","x577.5","x582.5","x587.5","x592.5","x597.5","x602.5","x607.5","x612.5","x617.5","x622.5","x627.5","x632.5","x637.5","x642.5","x647.1","x655","x665","x675","x685","x695","x705","x715","x725"
0,20,NA,NA,0,0,0,0,0,0,0,0,0,0,0,0,0,0,0,0,0,0,0,0,0,0,0,0,0,0,0,0,0,0,0,0,0,0,0,0,0,0,0,0,0,0,0,0,0,0,0,0,0,0,0,0,0,0,0,0,0,0,0,0,0,0,0,0,0,686900,116300000,2.66e+09,1.588e+10,2.189e+10,4.188e+10,5.075e+10,8.919e+10,1.465e+11,1.877e+11,2.866e+11,5.875e+11,7.068e+11,1.077e+12,1.332e+12,2.205e+12,4.859e+12,9.638e+12,1.48e+13,1.622e+13,1.901e+13,1.975e+13,2.13e+13,2.338e+13,2.209e+13,2.898e+13,3.104e+13,2.886e+13,3.412e+13,2.643e+13,3.544e+13,2.821e+13,5.368e+13,5.605e+13,5.914e+13,6.3e+13,6.495e+13,6.324e+13,5.951e+13,7.036e+13,7.359e+13,8.036e+13,8.688e+13,8.632e+13,8.97e+13,9.003e+13,9.071e+13,9.281e+13,9.568e+13,8.78e+13,9.261e+13,9.513e+13,9.067e+13,9.16e+13,9.19e+13,8.583e+13,8.847e+13,8.83e+13,9.2e+13,8.917e+13,8.978e+13,9.092e+13,9.124e+13,9.05e+13,8.743e+13,8.665e+13,8.574e+13,8.729e+13,8.706e+13,8.838e+13,8.585e+13,8.706e+13,8.413e+13,8.552e+13,8.622e+13,8.613e+13,8.905e+13,8.851e+13,9.011e+13,9.106e+13,9.162e+13,9.252e+13,9.291e+13,9.029e+13,9.514e+13,9.555e+13,9.599e+13,9.615e+13,9.522e+13,9.325e+13,9.232e+13
15,20.25,NA,NA,0,0,0,0,0,0,0,0,0,0,0,0,0,0,0,0,0,0,0,0,0,0,0,0,0,0,0,0,0,0,0,0,0,0,0,0,0,0,0,0,0,0,0,0,0,0,0,0,0,0,0,0,0,0,0,0,0,0,0,0,0,0,0,0,0,517800,84460000,1.821e+09,1.023e+10,1.374e+10,2.498e+10,2.893e+10,4.775e+10,7.342e+10,9.054e+10,1.302e+11,2.623e+11,3.118e+11,4.781e+11,5.948e+11,1.04e+12,2.528e+12,5.549e+12,8.952e+12,1.012e+13,1.201e+13,1.255e+13,1.353e+13,1.487e+13,1.407e+13,1.848e+13,1.982e+13,1.845e+13,2.185e+13,1.696e+13,2.278e+13,1.817e+13,3.468e+13,3.631e+13,3.842e+13,4.106e+13,4.247e+13,4.148e+13,3.917e+13,4.648e+13,4.876e+13,5.342e+13,5.796e+13,5.778e+13,6.015e+13,6.059e+13,6.125e+13,6.285e+13,6.478e+13,5.961e+13,6.311e+13,6.497e+13,6.189e+13,6.239e+13,6.282e+13,5.881e+13,6.067e+13,6.044e+13,6.275e+13,6.082e+13,6.136e+13,6.211e+13,6.234e+13,6.188e+13,5.961e+13,5.887e+13,5.818e+13,5.926e+13,5.94e+13,6.061e+13,5.902e+13,5.976e+13,5.757e+13,5.863e+13,5.955e+13,5.998e+13,6.244e+13,6.242e+13,6.392e+13,6.501e+13,6.583e+13,6.685e+13,6.754e+13,6.62e+13,7.043e+13,7.131e+13,7.215e+13,7.277e+13,7.244e+13,7.125e+13,7.089e+13
30,20.5,NA,NA,0,0,0,0,0,0,0,0,0,0,0,0,0,0,0,0,0,0,0,0,0,0,0,0,0,0,0,0,0,0,0,0,0,0,0,0,0,0,0,0,0,0,0,0,0,0,0,0,0,0,0,0,0,0,0,0,0,0,0,0,0,0,0,0,0,361500,57100000,1.166e+09,6.23e+09,8.218e+09,1.449e+10,1.635e+10,2.598e+10,3.807e+10,4.536e+10,6.023e+10,1.17e+11,1.317e+11,1.93e+11,2.364e+11,4.052e+11,1.047e+12,2.582e+12,4.465e+12,5.287e+12,6.397e+12,6.743e+12,7.259e+12,7.997e+12,7.565e+12,9.933e+12,1.065e+13,9.906e+12,1.173e+13,9.099e+12,1.223e+13,9.754e+12,1.862e+13,1.951e+13,2.065e+13,2.21e+13,2.288e+13,2.236e+13,2.115e+13,2.513e+13,2.639e+13,2.896e+13,3.148e+13,3.143e+13,3.268e+13,3.301e+13,3.343e+13,3.434e+13,3.526e+13,3.248e+13,3.45e+13,3.554e+13,3.371e+13,3.375e+13,3.411e+13,3.197e+13,3.294e+13,3.264e+13,3.358e+13,3.248e+13,3.282e+13,3.312e+13,3.32e+13,3.291e+13,3.149e+13,3.087e+13,3.038e+13,3.094e+13,3.123e+13,3.211e+13,3.136e+13,3.162e+13,3.026e+13,3.089e+13,3.175e+13,3.24e+13,3.409e+13,3.438e+13,3.554e+13,3.651e+13,3.735e+13,3.827e+13,3.904e+13,3.88e+13,4.19e+13,4.299e+13,4.397e+13,4.484e+13,4.5e+13,4.458e+13,4.471e+13
45,20.75,NA,NA,0,0,0,0,0,0,0,0,0,0,0,0,0,0,0,0,0,0,0,0,0,0,0,0,0,0,0,0,0,0,0,0,0,0,0,0,0,0,0,0,0,0,0,0,0,0,0,0,0,0,0,0,0,0,0,0,0,0,0,0,0,0,0,0,0,207500,32050000,625400000,3.196e+09,4.147e+09,7.122e+09,7.867e+09,1.215e+10,1.722e+10,2.007e+10,2.523e+10,4.768e+10,5.117e+10,7.082e+10,8.464e+10,1.316e+11,3.175e+11,8.276e+11,1.542e+12,1.944e+12,2.42e+12,2.586e+12,2.775e+12,3.065e+12,2.898e+12,3.802e+12,4.068e+12,3.778e+12,4.464e+12,3.458e+12,4.64e+12,3.697e+12,7.05e+12,7.38e+12,7.806e+12,8.348e+12,8.639e+12,8.437e+12,7.982e+12,9.482e+12,9.943e+12,1.091e+13,1.186e+13,1.184e+13,1.225e+13,1.238e+13,1.254e+13,1.286e+13,1.306e+13,1.202e+13,1.279e+13,1.315e+13,1.232e+13,1.213e+13,1.23e+13,1.151e+13,1.179e+13,1.151e+13,1.16e+13,1.113e+13,1.124e+13,1.123e+13,1.119e+13,1.102e+13,1.037e+13,9.992e+12,9.726e+12,9.86e+12,1.005e+13,1.045e+13,1.023e+13,1.02e+13,9.611e+12,9.821e+12,1.028e+13,1.072e+13,1.147e+13,1.173e+13,1.23e+13,1.283e+13,1.334e+13,1.387e+13,1.435e+13,1.455e+13,1.608e+13,1.681e+13,1.746e+13,1.808e+13,1.831e+13,1.829e+13,1.851e+13
60,21,NA,NA,0,0,0,0,0,0,0,0,0,0,0,0,0,0,0,0,0,0,0,0,0,0,0,0,0,0,0,0,0,0,0,0,0,0,0,0,0,0,0,0,0,0,0,0,0,0,0,0,0,0,0,0,0,0,0,0,0,0,0,0,0,0,0,0,0,61980,9722000,188500000,944700000,1.216e+09,2.057e+09,2.244e+09,3.408e+09,4.729e+09,5.43e+09,6.588e+09,1.222e+10,1.27e+10,1.688e+10,1.982e+10,2.825e+10,5.984e+10,1.418e+11,2.638e+11,3.417e+11,4.318e+11,4.643e+11,4.939e+11,5.435e+11,5.104e+11,6.647e+11,7.048e+11,6.492e+11,7.594e+11,5.829e+11,7.758e+11,6.12e+11,1.157e+12,1.2e+12,1.258e+12,1.333e+12,1.368e+12,1.323e+12,1.242e+12,1.463e+12,1.519e+12,1.653e+12,1.785e+12,1.768e+12,1.802e+12,1.813e+12,1.823e+12,1.854e+12,1.842e+12,1.682e+12,1.787e+12,1.821e+12,1.67e+12,1.597e+12,1.619e+12,1.508e+12,1.526e+12,1.454e+12,1.419e+12,1.344e+12,1.353e+12,1.332e+12,1.314e+12,1.282e+12,1.179e+12,1.109e+12,1.064e+12,1.074e+12,1.112e+12,1.176e+12,1.159e+12,1.141e+12,1.055e+12,1.084e+12,1.17e+12,1.263e+12,1.392e+12,1.458e+12,1.571e+12,1.687e+12,1.806e+12,1.927e+12,2.051e+12,2.168e+12,2.507e+12,2.727e+12,2.928e+12,3.136e+12,3.256e+12,3.323e+12,3.444e+12
75,21.25,NA,NA,0,0,0,0,0,0,0,0,0,0,0,0,0,0,0,0,0,0,0,0,0,0,0,0,0,0,0,0,0,0,0,0,0,0,0,0,0,0,0,0,0,0,0,0,0,0,0,0,0,0,0,0,0,0,0,0,0,0,0,0,0,0,0,0,0,3351,560500,11570000,60210000,78430000,134800000,148700000,228700000,321500000,3.72e+08,457500000,854700000,895200000,1.199e+09,1.412e+09,2.023e+09,4.239e+09,9.594e+09,1.714e+10,2.153e+10,2.671e+10,2.833e+10,2.984e+10,3.245e+10,3.012e+10,3.877e+10,4.048e+10,3.721e+10,4.296e+10,3.256e+10,4.27e+10,3.284e+10,6.187e+10,6.334e+10,6.559e+10,6.777e+10,6.915e+10,6.577e+10,6.084e+10,7.018e+10,7.155e+10,7.713e+10,8.17e+10,7.948e+10,7.985e+10,7.894e+10,7.792e+10,7.775e+10,7.598e+10,6.781e+10,7.079e+10,7.068e+10,6.352e+10,5.972e+10,5.926e+10,5.409e+10,5.359e+10,4.998e+10,4.784e+10,4.448e+10,4.374e+10,4.221e+10,4.074e+10,3.859e+10,3.485e+10,3.215e+10,3.022e+10,2.986e+10,3.013e+10,3.11e+10,2.983e+10,2.879e+10,2.608e+10,2.612e+10,2.756e+10,2.902e+10,3.144e+10,3.213e+10,3.418e+10,3.617e+10,3.82e+10,4.033e+10,4.233e+10,4.4e+10,5.019e+10,5.396e+10,5.719e+10,6.073e+10,6.226e+10,6.296e+10,6.453e+10
90,21.5,NA,NA,0,0,0,0,0,0,0,0,0,0,0,0,0,0,0,0,0,0,0,0,0,0,0,0,0,0,0,0,0,0,0,0,0,0,0,0,0,0,0,0,0,0,0,0,0,0,0,0,0,0,0,0,0,0,0,0,0,0,0,0,0,0,0,0,0,96.39,17470,360700,1815000,2332000,3909000,4233000,6348000,8652000,9847000,11540000,21120000,21300000,27200000,31540000,40970000,74060000,142100000,234900000,283200000,350500000,375400000,405100000,448600000,425300000,559100000,598400000,556800000,657600000,509200000,682900000,542700000,1.034e+09,1.08e+09,1.14e+09,1.215e+09,1.254e+09,1.22e+09,1.151e+09,1.362e+09,1.423e+09,1.556e+09,1.685e+09,1.676e+09,1.729e+09,1.742e+09,1.758e+09,1.797e+09,1.825e+09,1.674e+09,1.776e+09,1.822e+09,1.711e+09,1.695e+09,1.712e+09,1.601e+09,1.642e+09,1.615e+09,1.649e+09,1.591e+09,1.605e+09,1.616e+09,1.618e+09,1.601e+09,1.53e+09,1.499e+09,1.476e+09,1.503e+09,1.517e+09,1.559e+09,1.523e+09,1.536e+09,1.472e+09,1.503e+09,1.543e+09,1.575e+09,1.66e+09,1.677e+09,1.739e+09,1.793e+09,1.844e+09,1.9e+09,1.95e+09,1.959e+09,2.148e+09,2.235e+09,2.317e+09,2.399e+09,2.434e+09,2.436e+09,2.472e+09
105,21.75,NA,NA,0,0,0,0,0,0,0,0,0,0,0,0,0,0,0,0,0,0,0,0,0,0,0,0,0,0,0,0,0,0,0,0,0,0,0,0,0,0,0,0,0,0,0,0,0,0,0,0,0,0,0,0,0,0,0,0,0,0,0,0,0,0,0,0,0,0,0,0,0,2.215e-29,1.05e-24,7.464e-22,1.108e-18,7.784e-16,2.919e-14,2.013e-11,5.045e-10,2.025e-08,8.921e-07,4.245e-06,0.0008367,0.3095,34.24,379.9,1575,3998,7246,11240,18250,24210,43390,61920,75170,114200,112100,187900,184600,429400,542000,683700,865000,1049000,1186000,1296000,1760000,2084000,2575000,3144000,3495000,3911000,4386000,4870000,5422000,5710000,5660000,6567000,7191000,6866000,6718000,7361000,7289000,7711000,7482000,7292000,7131000,7538000,7598000,7717000,7829000,7173000,6675000,6450000,6673000,7379000,8335000,8546000,8403000,7660000,8119000,9519000,11210000,13310000,14830000,17030000,19540000,22350000,25260000,28670000,33150000,42250000,50020000,57790000,66520000,73030000,78380000,85620000
120,22,NA,NA,0,0,0,0,0,0,0,0,0,0,0,0,0,0,0,0,0,0,0,0,0,0,0,0,0,0,0,0,0,0,0,0,0,0,0,0,0,0,0,0,0,0,0,0,0,0,0,0,0,0,0,0,0,0,0,0,0,0,0,0,0,0,0,0,0,0,0,0,0,0,0,0,0,0,0,0,0,0,0,0,0,0,0,0,0,0,0,0,0,0,0,0,0,0,0,0,0,0,0,0,0,0,0,0,0,0,0,0,0,0,0,0,0,0,0,0,0,0,0,0,0,0,0,0,0,0,0,0,0,0,0,0,0,0,0,0,0,0,0,0,0,0,0,0,0,0,0,0,0,0,0,0,0,0,0,0
135,22.25,NA,NA,0,0,0,0,0,0,0,0,0,0,0,0,0,0,0,0,0,0,0,0,0,0,0,0,0,0,0,0,0,0,0,0,0,0,0,0,0,0,0,0,0,0,0,0,0,0,0,0,0,0,0,0,0,0,0,0,0,0,0,0,0,0,0,0,0,0,0,0,0,0,0,0,0,0,0,0,0,0,0,0,0,0,0,0,0,0,0,0,0,0,0,0,0,0,0,0,0,0,0,0,0,0,0,0,0,0,0,0,0,0,0,0,0,0,0,0,0,0,0,0,0,0,0,0,0,0,0,0,0,0,0,0,0,0,0,0,0,0,0,0,0,0,0,0,0,0,0,0,0,0,0,0,0,0,0,0
150,22.5,NA,NA,0,0,0,0,0,0,0,0,0,0,0,0,0,0,0,0,0,0,0,0,0,0,0,0,0,0,0,0,0,0,0,0,0,0,0,0,0,0,0,0,0,0,0,0,0,0,0,0,0,0,0,0,0,0,0,0,0,0,0,0,0,0,0,0,0,0,0,0,0,0,0,0,0,0,0,0,0,0,0,0,0,0,0,0,0,0,0,0,0,0,0,0,0,0,0,0,0,0,0,0,0,0,0,0,0,0,0,0,0,0,0,0,0,0,0,0,0,0,0,0,0,0,0,0,0,0,0,0,0,0,0,0,0,0,0,0,0,0,0,0,0,0,0,0,0,0,0,0,0,0,0,0,0,0,0,0
165,22.75,NA,NA,0,0,0,0,0,0,0,0,0,0,0,0,0,0,0,0,0,0,0,0,0,0,0,0,0,0,0,0,0,0,0,0,0,0,0,0,0,0,0,0,0,0,0,0,0,0,0,0,0,0,0,0,0,0,0,0,0,0,0,0,0,0,0,0,0,0,0,0,0,0,0,0,0,0,0,0,0,0,0,0,0,0,0,0,0,0,0,0,0,0,0,0,0,0,0,0,0,0,0,0,0,0,0,0,0,0,0,0,0,0,0,0,0,0,0,0,0,0,0,0,0,0,0,0,0,0,0,0,0,0,0,0,0,0,0,0,0,0,0,0,0,0,0,0,0,0,0,0,0,0,0,0,0,0,0,0
180,23,NA,NA,0,0,0,0,0,0,0,0,0,0,0,0,0,0,0,0,0,0,0,0,0,0,0,0,0,0,0,0,0,0,0,0,0,0,0,0,0,0,0,0,0,0,0,0,0,0,0,0,0,0,0,0,0,0,0,0,0,0,0,0,0,0,0,0,0,0,0,0,0,0,0,0,0,0,0,0,0,0,0,0,0,0,0,0,0,0,0,0,0,0,0,0,0,0,0,0,0,0,0,0,0,0,0,0,0,0,0,0,0,0,0,0,0,0,0,0,0,0,0,0,0,0,0,0,0,0,0,0,0,0,0,0,0,0,0,0,0,0,0,0,0,0,0,0,0,0,0,0,0,0,0,0,0,0,0,0
195,23.25,NA,NA,0,0,0,0,0,0,0,0,0,0,0,0,0,0,0,0,0,0,0,0,0,0,0,0,0,0,0,0,0,0,0,0,0,0,0,0,0,0,0,0,0,0,0,0,0,0,0,0,0,0,0,0,0,0,0,0,0,0,0,0,0,0,0,0,0,0,0,0,0,0,0,0,0,0,0,0,0,0,0,0,0,0,0,0,0,0,0,0,0,0,0,0,0,0,0,0,0,0,0,0,0,0,0,0,0,0,0,0,0,0,0,0,0,0,0,0,0,0,0,0,0,0,0,0,0,0,0,0,0,0,0,0,0,0,0,0,0,0,0,0,0,0,0,0,0,0,0,0,0,0,0,0,0,0,0,0
210,23.5,NA,NA,0,0,0,0,0,0,0,0,0,0,0,0,0,0,0,0,0,0,0,0,0,0,0,0,0,0,0,0,0,0,0,0,0,0,0,0,0,0,0,0,0,0,0,0,0,0,0,0,0,0,0,0,0,0,0,0,0,0,0,0,0,0,0,0,0,0,0,0,0,0,0,0,0,0,0,0,0,0,0,0,0,0,0,0,0,0,0,0,0,0,0,0,0,0,0,0,0,0,0,0,0,0,0,0,0,0,0,0,0,0,0,0,0,0,0,0,0,0,0,0,0,0,0,0,0,0,0,0,0,0,0,0,0,0,0,0,0,0,0,0,0,0,0,0,0,0,0,0,0,0,0,0,0,0,0,0
225,23.75,NA,NA,0,0,0,0,0,0,0,0,0,0,0,0,0,0,0,0,0,0,0,0,0,0,0,0,0,0,0,0,0,0,0,0,0,0,0,0,0,0,0,0,0,0,0,0,0,0,0,0,0,0,0,0,0,0,0,0,0,0,0,0,0,0,0,0,0,0,0,0,0,0,0,0,0,0,0,0,0,0,0,0,0,0,0,0,0,0,0,0,0,0,0,0,0,0,0,0,0,0,0,0,0,0,0,0,0,0,0,0,0,0,0,0,0,0,0,0,0,0,0,0,0,0,0,0,0,0,0,0,0,0,0,0,0,0,0,0,0,0,0,0,0,0,0,0,0,0,0,0,0,0,0,0,0,0,0,0
240,0,NA,NA,0,0,0,0,0,0,0,0,0,0,0,0,0,0,0,0,0,0,0,0,0,0,0,0,0,0,0,0,0,0,0,0,0,0,0,0,0,0,0,0,0,0,0,0,0,0,0,0,0,0,0,0,0,0,0,0,0,0,0,0,0,0,0,0,0,0,0,0,0,0,0,0,0,0,0,0,0,0,0,0,0,0,0,0,0,0,0,0,0,0,0,0,0,0,0,0,0,0,0,0,0,0,0,0,0,0,0,0,0,0,0,0,0,0,0,0,0,0,0,0,0,0,0,0,0,0,0,0,0,0,0,0,0,0,0,0,0,0,0,0,0,0,0,0,0,0,0,0,0,0,0,0,0,0,0,0
255,0.25,NA,NA,0,0,0,0,0,0,0,0,0,0,0,0,0,0,0,0,0,0,0,0,0,0,0,0,0,0,0,0,0,0,0,0,0,0,0,0,0,0,0,0,0,0,0,0,0,0,0,0,0,0,0,0,0,0,0,0,0,0,0,0,0,0,0,0,0,0,0,0,0,0,0,0,0,0,0,0,0,0,0,0,0,0,0,0,0,0,0,0,0,0,0,0,0,0,0,0,0,0,0,0,0,0,0,0,0,0,0,0,0,0,0,0,0,0,0,0,0,0,0,0,0,0,0,0,0,0,0,0,0,0,0,0,0,0,0,0,0,0,0,0,0,0,0,0,0,0,0,0,0,0,0,0,0,0,0,0
270,0.5,NA,NA,0,0,0,0,0,0,0,0,0,0,0,0,0,0,0,0,0,0,0,0,0,0,0,0,0,0,0,0,0,0,0,0,0,0,0,0,0,0,0,0,0,0,0,0,0,0,0,0,0,0,0,0,0,0,0,0,0,0,0,0,0,0,0,0,0,0,0,0,0,0,0,0,0,0,0,0,0,0,0,0,0,0,0,0,0,0,0,0,0,0,0,0,0,0,0,0,0,0,0,0,0,0,0,0,0,0,0,0,0,0,0,0,0,0,0,0,0,0,0,0,0,0,0,0,0,0,0,0,0,0,0,0,0,0,0,0,0,0,0,0,0,0,0,0,0,0,0,0,0,0,0,0,0,0,0,0
285,0.75,NA,NA,0,0,0,0,0,0,0,0,0,0,0,0,0,0,0,0,0,0,0,0,0,0,0,0,0,0,0,0,0,0,0,0,0,0,0,0,0,0,0,0,0,0,0,0,0,0,0,0,0,0,0,0,0,0,0,0,0,0,0,0,0,0,0,0,0,0,0,0,0,0,0,0,0,0,0,0,0,0,0,0,0,0,0,0,0,0,0,0,0,0,0,0,0,0,0,0,0,0,0,0,0,0,0,0,0,0,0,0,0,0,0,0,0,0,0,0,0,0,0,0,0,0,0,0,0,0,0,0,0,0,0,0,0,0,0,0,0,0,0,0,0,0,0,0,0,0,0,0,0,0,0,0,0,0,0,0
300,1,NA,NA,0,0,0,0,0,0,0,0,0,0,0,0,0,0,0,0,0,0,0,0,0,0,0,0,0,0,0,0,0,0,0,0,0,0,0,0,0,0,0,0,0,0,0,0,0,0,0,0,0,0,0,0,0,0,0,0,0,0,0,0,0,0,0,0,0,0,0,0,0,0,0,0,0,0,0,0,0,0,0,0,0,0,0,0,0,0,0,0,0,0,0,0,0,0,0,0,0,0,0,0,0,0,0,0,0,0,0,0,0,0,0,0,0,0,0,0,0,0,0,0,0,0,0,0,0,0,0,0,0,0,0,0,0,0,0,0,0,0,0,0,0,0,0,0,0,0,0,0,0,0,0,0,0,0,0,0
315,1.25,NA,NA,0,0,0,0,0,0,0,0,0,0,0,0,0,0,0,0,0,0,0,0,0,0,0,0,0,0,0,0,0,0,0,0,0,0,0,0,0,0,0,0,0,0,0,0,0,0,0,0,0,0,0,0,0,0,0,0,0,0,0,0,0,0,0,0,0,0,0,0,0,0,0,0,0,0,0,0,0,0,0,0,0,0,0,0,0,0,0,0,0,0,0,0,0,0,0,0,0,0,0,0,0,0,0,0,0,0,0,0,0,0,0,0,0,0,0,0,0,0,0,0,0,0,0,0,0,0,0,0,0,0,0,0,0,0,0,0,0,0,0,0,0,0,0,0,0,0,0,0,0,0,0,0,0,0,0,0
330,1.5,NA,NA,0,0,0,0,0,0,0,0,0,0,0,0,0,0,0,0,0,0,0,0,0,0,0,0,0,0,0,0,0,0,0,0,0,0,0,0,0,0,0,0,0,0,0,0,0,0,0,0,0,0,0,0,0,0,0,0,0,0,0,0,0,0,0,0,0,0,0,0,0,0,0,0,0,0,0,0,0,0,0,0,0,0,0,0,0,0,0,0,0,0,0,0,0,0,0,0,0,0,0,0,0,0,0,0,0,0,0,0,0,0,0,0,0,0,0,0,0,0,0,0,0,0,0,0,0,0,0,0,0,0,0,0,0,0,0,0,0,0,0,0,0,0,0,0,0,0,0,0,0,0,0,0,0,0,0,0
345,1.75,NA,NA,0,0,0,0,0,0,0,0,0,0,0,0,0,0,0,0,0,0,0,0,0,0,0,0,0,0,0,0,0,0,0,0,0,0,0,0,0,0,0,0,0,0,0,0,0,0,0,0,0,0,0,0,0,0,0,0,0,0,0,0,0,0,0,0,0,0,0,0,0,0,0,0,0,0,0,0,0,0,0,0,0,0,0,0,0,0,0,0,0,0,0,0,0,0,0,0,0,0,0,0,0,0,0,0,0,0,0,0,0,0,0,0,0,0,0,0,0,0,0,0,0,0,0,0,0,0,0,0,0,0,0,0,0,0,0,0,0,0,0,0,0,0,0,0,0,0,0,0,0,0,0,0,0,0,0,0
360,2,NA,NA,0,0,0,0,0,0,0,0,0,0,0,0,0,0,0,0,0,0,0,0,0,0,0,0,0,0,0,0,0,0,0,0,0,0,0,0,0,0,0,0,0,0,0,0,0,0,0,0,0,0,0,0,0,0,0,0,0,0,0,0,0,0,0,0,0,0,0,0,0,0,0,0,0,0,0,0,0,0,0,0,0,0,0,0,0,0,0,0,0,0,0,0,0,0,0,0,0,0,0,0,0,0,0,0,0,0,0,0,0,0,0,0,0,0,0,0,0,0,0,0,0,0,0,0,0,0,0,0,0,0,0,0,0,0,0,0,0,0,0,0,0,0,0,0,0,0,0,0,0,0,0,0,0,0,0,0
375,2.25,NA,NA,0,0,0,0,0,0,0,0,0,0,0,0,0,0,0,0,0,0,0,0,0,0,0,0,0,0,0,0,0,0,0,0,0,0,0,0,0,0,0,0,0,0,0,0,0,0,0,0,0,0,0,0,0,0,0,0,0,0,0,0,0,0,0,0,0,0,0,0,0,0,0,0,0,0,0,0,0,0,0,0,0,0,0,0,0,0,0,0,0,0,0,0,0,0,0,0,0,0,0,0,0,0,0,0,0,0,0,0,0,0,0,0,0,0,0,0,0,0,0,0,0,0,0,0,0,0,0,0,0,0,0,0,0,0,0,0,0,0,0,0,0,0,0,0,0,0,0,0,0,0,0,0,0,0,0,0
390,2.5,NA,NA,0,0,0,0,0,0,0,0,0,0,0,0,0,0,0,0,0,0,0,0,0,0,0,0,0,0,0,0,0,0,0,0,0,0,0,0,0,0,0,0,0,0,0,0,0,0,0,0,0,0,0,0,0,0,0,0,0,0,0,0,0,0,0,0,0,0,0,0,0,0,0,0,0,0,0,0,0,0,0,0,0,0,0,0,0,0,0,0,0,0,0,0,0,0,0,0,0,0,0,0,0,0,0,0,0,0,0,0,0,0,0,0,0,0,0,0,0,0,0,0,0,0,0,0,0,0,0,0,0,0,0,0,0,0,0,0,0,0,0,0,0,0,0,0,0,0,0,0,0,0,0,0,0,0,0,0
405,2.75,NA,NA,0,0,0,0,0,0,0,0,0,0,0,0,0,0,0,0,0,0,0,0,0,0,0,0,0,0,0,0,0,0,0,0,0,0,0,0,0,0,0,0,0,0,0,0,0,0,0,0,0,0,0,0,0,0,0,0,0,0,0,0,0,0,0,0,0,0,0,0,0,0,0,0,0,0,0,0,0,0,0,0,0,0,0,0,0,0,0,0,0,0,0,0,0,0,0,0,0,0,0,0,0,0,0,0,0,0,0,0,0,0,0,0,0,0,0,0,0,0,0,0,0,0,0,0,0,0,0,0,0,0,0,0,0,0,0,0,0,0,0,0,0,0,0,0,0,0,0,0,0,0,0,0,0,0,0,0
420,3,NA,NA,0,0,0,0,0,0,0,0,0,0,0,0,0,0,0,0,0,0,0,0,0,0,0,0,0,0,0,0,0,0,0,0,0,0,0,0,0,0,0,0,0,0,0,0,0,0,0,0,0,0,0,0,0,0,0,0,0,0,0,0,0,0,0,0,0,0,0,0,0,0,0,0,0,0,0,0,0,0,0,0,0,0,0,0,0,0,0,0,0,0,0,0,0,0,0,0,0,0,0,0,0,0,0,0,0,0,0,0,0,0,0,0,0,0,0,0,0,0,0,0,0,0,0,0,0,0,0,0,0,0,0,0,0,0,0,0,0,0,0,0,0,0,0,0,0,0,0,0,0,0,0,0,0,0,0,0
435,3.25,NA,NA,0,0,0,0,0,0,0,0,0,0,0,0,0,0,0,0,0,0,0,0,0,0,0,0,0,0,0,0,0,0,0,0,0,0,0,0,0,0,0,0,0,0,0,0,0,0,0,0,0,0,0,0,0,0,0,0,0,0,0,0,0,0,0,0,0,0,0,0,0,0,0,0,0,0,0,0,0,0,0,0,0,0,0,0,0,0,0,0,0,0,0,0,0,0,0,0,0,0,0,0,0,0,0,0,0,0,0,0,0,0,0,0,0,0,0,0,0,0,0,0,0,0,0,0,0,0,0,0,0,0,0,0,0,0,0,0,0,0,0,0,0,0,0,0,0,0,0,0,0,0,0,0,0,0,0,0
450,3.5,NA,NA,0,0,0,0,0,0,0,0,0,0,0,0,0,0,0,0,0,0,0,0,0,0,0,0,0,0,0,0,0,0,0,0,0,0,0,0,0,0,0,0,0,0,0,0,0,0,0,0,0,0,0,0,0,0,0,0,0,0,0,0,0,0,0,0,0,0,0,0,0,0,0,0,0,0,0,0,0,0,0,0,0,0,0,0,0,0,0,0,0,0,0,0,0,0,0,0,0,0,0,0,0,0,0,0,0,0,0,0,0,0,0,0,0,0,0,0,0,0,0,0,0,0,0,0,0,0,0,0,0,0,0,0,0,0,0,0,0,0,0,0,0,0,0,0,0,0,0,0,0,0,0,0,0,0,0,0
465,3.75,NA,NA,0,0,0,0,0,0,0,0,0,0,0,0,0,0,0,0,0,0,0,0,0,0,0,0,0,0,0,0,0,0,0,0,0,0,0,0,0,0,0,0,0,0,0,0,0,0,0,0,0,0,0,0,0,0,0,0,0,0,0,0,0,0,0,0,0,0,0,0,0,0,0,0,0,0,0,0,0,0,0,0,0,0,0,0,0,0,0,0,0,0,0,0,0,0,0,0,0,0,0,0,0,0,0,0,0,0,0,0,0,0,0,0,0,0,0,0,0,0,0,0,0,0,0,0,0,0,0,0,0,0,0,0,0,0,0,0,0,0,0,0,0,0,0,0,0,0,0,0,0,0,0,0,0,0,0,0
480,4,NA,NA,0,0,0,0,0,0,0,0,0,0,0,0,0,0,0,0,0,0,0,0,0,0,0,0,0,0,0,0,0,0,0,0,0,0,0,0,0,0,0,0,0,0,0,0,0,0,0,0,0,0,0,0,0,0,0,0,0,0,0,0,0,0,0,0,0,0,0,0,0,0,0,0,0,0,0,0,0,0,0,0,0,0,0,0,0,0,0,0,0,0,0,0,0,0,0,0,0,0,0,0,0,0,0,0,0,0,0,0,0,0,0,0,0,0,0,0,0,0,0,0,0,0,0,0,0,0,0,0,0,0,0,0,0,0,0,0,0,0,0,0,0,0,0,0,0,0,0,0,0,0,0,0,0,0,0,0
495,4.25,NA,NA,0,0,0,0,0,0,0,0,0,0,0,0,0,0,0,0,0,0,0,0,0,0,0,0,0,0,0,0,0,0,0,0,0,0,0,0,0,0,0,0,0,0,0,0,0,0,0,0,0,0,0,0,0,0,0,0,0,0,0,0,0,0,0,0,0,0,0,0,0,0,0,0,0,0,0,0,0,0,0,0,0,0,0,0,0,0,0,0,0,0,0,0,0,0,0,0,0,0,0,0,0,0,0,0,0,0,0,0,0,0,0,0,0,0,0,0,0,0,0,0,0,0,0,0,0,0,0,0,0,0,0,0,0,0,0,0,0,0,0,0,0,0,0,0,0,0,0,0,0,0,0,0,0,0,0,0
510,4.5,NA,NA,0,0,0,0,0,0,0,0,0,0,0,0,0,0,0,0,0,0,0,0,0,0,0,0,0,0,0,0,0,0,0,0,0,0,0,0,0,0,0,0,0,0,0,0,0,0,0,0,0,0,0,0,0,0,0,0,0,0,0,0,0,0,0,0,0,0,0,0,0,0,0,0,0,0,0,0,0,0,0,0,0,0,0,0,0,0,0,0,0,0,0,0,0,0,0,0,0,0,0,0,0,0,0,0,0,0,0,0,0,0,0,0,0,0,0,0,0,0,0,0,0,0,0,0,0,0,0,0,0,0,0,0,0,0,0,0,0,0,0,0,0,0,0,0,0,0,0,0,0,0,0,0,0,0,0,0
525,4.75,NA,NA,0,0,0,0,0,0,0,0,0,0,0,0,0,0,0,0,0,0,0,0,0,0,0,0,0,0,0,0,0,0,0,0,0,0,0,0,0,0,0,0,0,0,0,0,0,0,0,0,0,0,0,0,0,0,0,0,0,0,0,0,0,0,0,0,0,0,0,0,0,0,0,0,0,0,0,0,0,0,0,0,0,0,0,0,0,0,0,0,0,0,0,0,0,0,0,0,0,0,0,0,0,0,0,0,0,0,0,0,0,0,0,0,0,0,0,0,0,0,0,0,0,0,0,0,0,0,0,0,0,0,0,0,0,0,0,0,0,0,0,0,0,0,0,0,0,0,0,0,0,0,0,0,0,0,0,0
540,5,NA,NA,0,0,0,0,0,0,0,0,0,0,0,0,0,0,0,0,0,0,0,0,0,0,0,0,0,0,0,0,0,0,0,0,0,0,0,0,0,0,0,0,0,0,0,0,0,0,0,0,0,0,0,0,0,0,0,0,0,0,0,0,0,0,0,0,0,0,0,0,0,0,0,0,0,0,0,0,0,0,0,0,0,0,0,0,0,0,0,0,0,0,0,0,0,0,0,0,0,0,0,0,0,0,0,0,0,0,0,0,0,0,0,0,0,0,0,0,0,0,0,0,0,0,0,0,0,0,0,0,0,0,0,0,0,0,0,0,0,0,0,0,0,0,0,0,0,0,0,0,0,0,0,0,0,0,0,0
555,5.25,NA,NA,0,0,0,0,0,0,0,0,0,0,0,0,0,0,0,0,0,0,0,0,0,0,0,0,0,0,0,0,0,0,0,0,0,0,0,0,0,0,0,0,0,0,0,0,0,0,0,0,0,0,0,0,0,0,0,0,0,0,0,0,0,0,0,0,0,0,0,0,0,0,0,0,0,0,0,0,0,0,0,0,0,0,0,0,0,0,0,0,0,0,0,0,0,0,0,0,0,0,0,0,0,0,0,0,0,0,0,0,0,0,0,0,0,0,0,0,0,0,0,0,0,0,0,0,0,0,0,0,0,0,0,0,0,0,0,0,0,0,0,0,0,0,0,0,0,0,0,0,0,0,0,0,0,0,0,0
570,5.5,NA,NA,0,0,0,0,0,0,0,0,0,0,0,0,0,0,0,0,0,0,0,0,0,0,0,0,0,0,0,0,0,0,0,0,0,0,0,0,0,0,0,0,0,0,0,0,0,0,0,0,0,0,0,0,0,0,0,0,0,0,0,0,0,0,0,0,0,0,0,0,0,0,0,0,0,0,0,0,0,0,0,0,0,0,0,0,0,0,0,0,0,0,0,0,0,0,0,0,0,0,0,0,0,0,0,0,0,0,0,0,0,0,0,0,0,0,0,0,0,0,0,0,0,0,0,0,0,0,0,0,0,0,0,0,0,0,0,0,0,0,0,0,0,0,0,0,0,0,0,0,0,0,0,0,0,0,0,0
585,5.75,NA,NA,0,0,0,0,0,0,0,0,0,0,0,0,0,0,0,0,0,0,0,0,0,0,0,0,0,0,0,0,0,0,0,0,0,0,0,0,0,0,0,0,0,0,0,0,0,0,0,0,0,0,0,0,0,0,0,0,0,0,0,0,0,0,0,0,0,0,3.143e-26,1.046e-12,4.236e-07,8.387e-06,0.0004273,0.004167,0.06055,0.6769,2.514,24.96,111.9,394,1722,3216,24530,296600,2418000,7518000,13150000,19440000,23300000,26640000,31650000,31800000,44080000,49610000,48260000,59570000,48080000,67040000,55390000,109300000,118200000,128900000,141900000,150800000,150900000,146300000,177700000,189800000,212200000,235100000,238600000,248100000,255300000,261900000,271300000,272900000,253100000,273400000,282400000,260700000,250200000,257100000,241800000,246100000,234800000,228500000,2.17e+08,219500000,216300000,213600000,208600000,190800000,1.78e+08,1.7e+08,171300000,178300000,189600000,186800000,182500000,1.67e+08,171200000,186300000,2.03e+08,225500000,237500000,257500000,278600000,300900000,323300000,346800000,370900000,435200000,479500000,520600000,564600000,590600000,606700000,634300000
600,6,NA,NA,0,0,0,0,0,0,0,0,0,0,0,0,0,0,0,0,0,0,0,0,0,0,0,0,0,0,0,0,0,0,0,0,0,0,0,0,0,0,0,0,0,0,0,0,0,0,0,0,0,0,0,0,0,0,0,0,0,0,0,0,0,0,0,0,0,268,41830,787000,3832000,4890000,8160000,8819000,13240000,18130000,20710000,24660000,45500000,46700000,61140000,71610000,99250000,203100000,463600000,851500000,1.101e+09,1.394e+09,1.502e+09,1.601e+09,1.762e+09,1.654e+09,2.151e+09,2.277e+09,2.094e+09,2.443e+09,1.869e+09,2.477e+09,1.943e+09,3.659e+09,3.776e+09,3.934e+09,4.139e+09,4.221e+09,4.053e+09,3.775e+09,4.408e+09,4.537e+09,4.894e+09,5.232e+09,5.131e+09,5.187e+09,5.16e+09,5.132e+09,5.164e+09,5.099e+09,4.602e+09,4.825e+09,4.864e+09,4.436e+09,4.24e+09,4.237e+09,3.9e+09,3.915e+09,3.731e+09,3.669e+09,3.463e+09,3.446e+09,3.39e+09,3.328e+09,3.218e+09,2.992e+09,2.852e+09,2.751e+09,2.764e+09,2.785e+09,2.862e+09,2.775e+09,2.748e+09,2.579e+09,2.612e+09,2.7e+09,2.781e+09,2.95e+09,2.989e+09,3.114e+09,3.23e+09,3.345e+09,3.463e+09,3.569e+09,3.604e+09,3.975e+09,4.146e+09,4.296e+09,4.444e+09,4.481e+09,4.453e+09,4.49e+09
615,6.25,NA,NA,0,0,0,0,0,0,0,0,0,0,0,0,0,0,0,0,0,0,0,0,0,0,0,0,0,0,0,0,0,0,0,0,0,0,0,0,0,0,0,0,0,0,0,0,0,0,0,0,0,0,0,0,0,0,0,0,0,0,0,0,0,0,0,0,0,10390,1702000,34320000,176200000,228400000,389500000,427800000,653800000,9.13e+08,1.052e+09,1.283e+09,2.386e+09,2.483e+09,3.297e+09,3.87e+09,5.459e+09,1.117e+10,2.479e+10,4.403e+10,5.527e+10,6.875e+10,7.307e+10,7.7e+10,8.399e+10,7.818e+10,1.01e+11,1.053e+11,9.678e+10,1.115e+11,8.476e+10,1.124e+11,8.688e+10,1.638e+11,1.681e+11,1.738e+11,1.814e+11,1.848e+11,1.766e+11,1.638e+11,1.904e+11,1.949e+11,2.098e+11,2.234e+11,2.182e+11,2.196e+11,2.179e+11,2.16e+11,2.166e+11,2.118e+11,1.902e+11,1.993e+11,1.999e+11,1.802e+11,1.692e+11,1.689e+11,1.548e+11,1.539e+11,1.439e+11,1.378e+11,1.283e+11,1.27e+11,1.228e+11,1.19e+11,1.133e+11,1.023e+11,9.438e+10,8.893e+10,8.824e+10,8.996e+10,9.377e+10,9.089e+10,8.789e+10,7.98e+10,8.071e+10,8.631e+10,9.244e+10,1.014e+11,1.053e+11,1.132e+11,1.213e+11,1.3e+11,1.388e+11,1.477e+11,1.565e+11,1.822e+11,1.995e+11,2.153e+11,2.322e+11,2.419e+11,2.476e+11,2.579e+11
630,6.5,NA,NA,0,0,0,0,0,0,0,0,0,0,0,0,0,0,0,0,0,0,0,0,0,0,0,0,0,0,0,0,0,0,0,0,0,0,0,0,0,0,0,0,0,0,0,0,0,0,0,0,0,0,0,0,0,0,0,0,0,0,0,0,0,0,0,0,0,99190,15390000,296400000,1.486e+09,1.913e+09,3.243e+09,3.544e+09,5.397e+09,7.518e+09,8.654e+09,1.057e+10,1.969e+10,2.06e+10,2.763e+10,3.258e+10,4.745e+10,1.043e+11,2.572e+11,4.844e+11,6.281e+11,7.933e+11,8.531e+11,9.102e+11,1.004e+12,9.454e+11,1.234e+12,1.314e+12,1.214e+12,1.426e+12,1.099e+12,1.467e+12,1.162e+12,2.206e+12,2.297e+12,2.418e+12,2.574e+12,2.653e+12,2.578e+12,2.43e+12,2.876e+12,3.001e+12,3.279e+12,3.555e+12,3.538e+12,3.629e+12,3.664e+12,3.7e+12,3.781e+12,3.789e+12,3.474e+12,3.701e+12,3.79e+12,3.503e+12,3.384e+12,3.439e+12,3.213e+12,3.267e+12,3.14e+12,3.098e+12,2.95e+12,2.975e+12,2.947e+12,2.918e+12,2.858e+12,2.648e+12,2.508e+12,2.418e+12,2.445e+12,2.523e+12,2.656e+12,2.612e+12,2.581e+12,2.4e+12,2.46e+12,2.633e+12,2.813e+12,3.074e+12,3.195e+12,3.413e+12,3.632e+12,3.853e+12,4.074e+12,4.296e+12,4.478e+12,5.098e+12,5.467e+12,5.799e+12,6.134e+12,6.307e+12,6.379e+12,6.548e+12
645,6.75,NA,NA,0,0,0,0,0,0,0,0,0,0,0,0,0,0,0,0,0,0,0,0,0,0,0,0,0,0,0,0,0,0,0,0,0,0,0,0,0,0,0,0,0,0,0,0,0,0,0,0,0,0,0,0,0,0,0,0,0,0,0,0,0,0,0,0,0,252900,39250000,7.75e+08,4.008e+09,5.226e+09,9.039e+09,1.004e+10,1.564e+10,2.237e+10,2.623e+10,3.347e+10,6.371e+10,6.922e+10,9.726e+10,1.17e+11,1.875e+11,4.68e+11,1.218e+12,2.227e+12,2.755e+12,3.399e+12,3.617e+12,3.887e+12,4.29e+12,4.058e+12,5.327e+12,5.705e+12,5.303e+12,6.271e+12,4.862e+12,6.528e+12,5.205e+12,9.932e+12,1.04e+13,1.101e+13,1.178e+13,1.219e+13,1.191e+13,1.127e+13,1.339e+13,1.405e+13,1.542e+13,1.676e+13,1.674e+13,1.735e+13,1.754e+13,1.776e+13,1.822e+13,1.858e+13,1.711e+13,1.819e+13,1.872e+13,1.762e+13,1.745e+13,1.767e+13,1.655e+13,1.698e+13,1.667e+13,1.693e+13,1.629e+13,1.645e+13,1.65e+13,1.647e+13,1.626e+13,1.54e+13,1.493e+13,1.459e+13,1.481e+13,1.505e+13,1.558e+13,1.524e+13,1.526e+13,1.446e+13,1.477e+13,1.536e+13,1.589e+13,1.69e+13,1.719e+13,1.794e+13,1.861e+13,1.924e+13,1.989e+13,2.048e+13,2.062e+13,2.26e+13,2.347e+13,2.425e+13,2.498e+13,2.523e+13,2.514e+13,2.537e+13
660,7,NA,NA,0,0,0,0,0,0,0,0,0,0,0,0,0,0,0,0,0,0,0,0,0,0,0,0,0,0,0,0,0,0,0,0,0,0,0,0,0,0,0,0,0,0,0,0,0,0,0,0,0,0,0,0,0,0,0,0,0,0,0,0,0,0,0,0,0,407100,64880000,1.345e+09,7.296e+09,9.673e+09,1.72e+10,1.954e+10,3.133e+10,4.645e+10,5.581e+10,7.567e+10,1.485e+11,1.702e+11,2.539e+11,3.132e+11,5.461e+11,1.399e+12,3.337e+12,5.641e+12,6.574e+12,7.901e+12,8.304e+12,8.944e+12,9.845e+12,9.313e+12,1.223e+13,1.311e+13,1.22e+13,1.445e+13,1.121e+13,1.507e+13,1.202e+13,2.295e+13,2.405e+13,2.546e+13,2.724e+13,2.82e+13,2.757e+13,2.607e+13,3.097e+13,3.252e+13,3.568e+13,3.877e+13,3.871e+13,4.028e+13,4.066e+13,4.117e+13,4.229e+13,4.35e+13,4.008e+13,4.253e+13,4.382e+13,4.165e+13,4.182e+13,4.222e+13,3.957e+13,4.08e+13,4.052e+13,4.184e+13,4.052e+13,4.093e+13,4.136e+13,4.149e+13,4.117e+13,3.949e+13,3.883e+13,3.828e+13,3.9e+13,3.928e+13,4.028e+13,3.931e+13,3.97e+13,3.809e+13,3.886e+13,3.978e+13,4.041e+13,4.237e+13,4.26e+13,4.39e+13,4.493e+13,4.581e+13,4.679e+13,4.758e+13,4.706e+13,5.057e+13,5.165e+13,5.263e+13,5.348e+13,5.352e+13,5.29e+13,5.29e+13
675,7.25,NA,NA,0,0,0,0,0,0,0,0,0,0,0,0,0,0,0,0,0,0,0,0,0,0,0,0,0,0,0,0,0,0,0,0,0,0,0,0,0,0,0,0,0,0,0,0,0,0,0,0,0,0,0,0,0,0,0,0,0,0,0,0,0,0,0,0,0,565900,93300000,2.046e+09,1.168e+10,1.578e+10,2.903e+10,3.399e+10,5.702e+10,8.939e+10,1.116e+11,1.643e+11,3.338e+11,4.004e+11,6.159e+11,7.662e+11,1.324e+12,3.129e+12,6.647e+12,1.055e+13,1.18e+13,1.394e+13,1.454e+13,1.568e+13,1.724e+13,1.63e+13,2.141e+13,2.296e+13,2.137e+13,2.53e+13,1.963e+13,2.637e+13,2.102e+13,4.009e+13,4.195e+13,4.436e+13,4.737e+13,4.896e+13,4.778e+13,4.508e+13,5.344e+13,5.602e+13,6.132e+13,6.647e+13,6.62e+13,6.889e+13,6.932e+13,7.001e+13,7.178e+13,7.401e+13,6.805e+13,7.196e+13,7.404e+13,7.055e+13,7.118e+13,7.16e+13,6.698e+13,6.908e+13,6.888e+13,7.16e+13,6.941e+13,6.998e+13,7.086e+13,7.112e+13,7.059e+13,6.806e+13,6.731e+13,6.655e+13,6.778e+13,6.783e+13,6.909e+13,6.723e+13,6.81e+13,6.568e+13,6.685e+13,6.773e+13,6.802e+13,7.065e+13,7.048e+13,7.203e+13,7.309e+13,7.385e+13,7.485e+13,7.546e+13,7.375e+13,7.82e+13,7.896e+13,7.969e+13,8.018e+13,7.967e+13,7.825e+13,7.772e+13
690,7.5,NA,NA,0,0,0,0,0,0,0,0,0,0,0,0,0,0,0,0,0,0,0,0,0,0,0,0,0,0,0,0,0,0,0,0,0,0,0,0,0,0,0,0,0,0,0,0,0,0,0,0,0,0,0,0,0,0,0,0,0,0,0,0,0,0,0,0,0,741300,1.27e+08,2.96e+09,1.812e+10,2.527e+10,4.938e+10,6.085e+10,1.09e+11,1.819e+11,2.346e+11,3.601e+11,7.378e+11,8.835e+11,1.334e+12,1.644e+12,2.666e+12,5.711e+12,1.105e+13,1.677e+13,1.824e+13,2.131e+13,2.211e+13,2.384e+13,2.614e+13,2.468e+13,3.236e+13,3.464e+13,3.218e+13,3.801e+13,2.942e+13,3.941e+13,3.133e+13,5.957e+13,6.213e+13,6.547e+13,6.967e+13,7.174e+13,6.978e+13,6.558e+13,7.746e+13,8.093e+13,8.829e+13,9.534e+13,9.463e+13,9.827e+13,9.852e+13,9.917e+13,1.014e+14,1.045e+14,9.581e+13,1.01e+14,1.036e+14,9.877e+13,9.982e+13,1e+14,9.338e+13,9.622e+13,9.607e+13,1.002e+14,9.707e+13,9.768e+13,9.892e+13,9.926e+13,9.843e+13,9.514e+13,9.435e+13,9.339e+13,9.506e+13,9.47e+13,9.602e+13,9.322e+13,9.457e+13,9.144e+13,9.291e+13,9.352e+13,9.325e+13,9.627e+13,9.557e+13,9.717e+13,9.806e+13,9.852e+13,9.937e+13,9.965e+13,9.666e+13,1.016e+14,1.019e+14,1.022e+14,1.022e+14,1.011e+14,9.895e+13,9.787e+13
705,7.75,NA,NA,0,0,0,0,0,0,0,0,0,0,0,0,0,0,0,0,0,0,0,0,0,0,0,0,0,0,0,0,0,0,0,0,0,0,0,0,0,0,0,0,0,0,0,0,0,0,0,0,0,0,0,0,0,0,0,0,0,0,0,0,0,0,0,0,0,945800,169200000,4.273e+09,2.971e+10,4.363e+10,9.203e+10,1.19e+11,2.222e+11,3.781e+11,4.89e+11,7.369e+11,1.489e+12,1.732e+12,2.518e+12,3.051e+12,4.623e+12,9.102e+12,1.639e+13,2.407e+13,2.564e+13,2.968e+13,3.062e+13,3.295e+13,3.6e+13,3.388e+13,4.428e+13,4.724e+13,4.374e+13,5.149e+13,3.97e+13,5.298e+13,4.196e+13,7.947e+13,8.256e+13,8.667e+13,9.187e+13,9.425e+13,9.133e+13,8.552e+13,1.006e+14,1.048e+14,1.139e+14,1.226e+14,1.213e+14,1.257e+14,1.256e+14,1.261e+14,1.285e+14,1.324e+14,1.211e+14,1.272e+14,1.303e+14,1.242e+14,1.256e+14,1.255e+14,1.169e+14,1.204e+14,1.202e+14,1.256e+14,1.216e+14,1.222e+14,1.238e+14,1.241e+14,1.23e+14,1.19e+14,1.182e+14,1.171e+14,1.192e+14,1.184e+14,1.196e+14,1.16e+14,1.177e+14,1.14e+14,1.157e+14,1.16e+14,1.151e+14,1.184e+14,1.172e+14,1.187e+14,1.194e+14,1.195e+14,1.201e+14,1.201e+14,1.159e+14,1.212e+14,1.21e+14,1.209e+14,1.205e+14,1.189e+14,1.16e+14,1.144e+14
720,8,NA,NA,0,0,0,0,0,0,0,0,0,0,0,0,0,0,0,0,0,0,0,0,0,0,0,0,0,0,0,0,0,0,0,0,0,0,0,0,0,0,0,0,0,0,0,0,0,0,0,0,0,0,0,0,0,0,0,0,0,0,0,0,0,0,0,0,0,1201000,224900000,6.539e+09,5.429e+10,8.336e+10,1.828e+11,2.386e+11,4.435e+11,7.39e+11,9.395e+11,1.354e+12,2.674e+12,3.002e+12,4.206e+12,5.029e+12,7.165e+12,1.318e+13,2.245e+13,3.212e+13,3.365e+13,3.862e+13,3.96e+13,4.249e+13,4.622e+13,4.334e+13,5.642e+13,5.997e+13,5.531e+13,6.486e+13,4.983e+13,6.624e+13,5.227e+13,9.862e+13,1.021e+14,1.068e+14,1.128e+14,1.153e+14,1.114e+14,1.04e+14,1.22e+14,1.267e+14,1.374e+14,1.474e+14,1.455e+14,1.505e+14,1.5e+14,1.502e+14,1.529e+14,1.573e+14,1.436e+14,1.506e+14,1.54e+14,1.467e+14,1.484e+14,1.48e+14,1.377e+14,1.416e+14,1.415e+14,1.48e+14,1.433e+14,1.438e+14,1.456e+14,1.46e+14,1.446e+14,1.401e+14,1.393e+14,1.38e+14,1.403e+14,1.391e+14,1.403e+14,1.359e+14,1.381e+14,1.339e+14,1.358e+14,1.357e+14,1.342e+14,1.376e+14,1.359e+14,1.374e+14,1.379e+14,1.377e+14,1.381e+14,1.377e+14,1.325e+14,1.381e+14,1.374e+14,1.37e+14,1.362e+14,1.341e+14,1.306e+14,1.287e+14
735,8.25,NA,NA,0,0,0,0,0,0,0,0,0,0,0,0,0,0,0,0,0,0,0,0,0,0,0,0,0,0,0,0,0,0,0,0,0,0,0,0,0,0,0,0,0,0,0,0,0,0,0,0,0,0,0,0,0,0,0,0,0,0,0,0,0,0,0,0,0,1519000,305500000,1.124e+10,1.056e+11,1.633e+11,3.54e+11,4.535e+11,8.172e+11,1.313e+12,1.63e+12,2.236e+12,4.325e+12,4.702e+12,6.375e+12,7.525e+12,1.02e+13,1.775e+13,2.905e+13,4.059e+13,4.189e+13,4.771e+13,4.865e+13,5.202e+13,5.635e+13,5.264e+13,6.827e+13,7.229e+13,6.644e+13,7.763e+13,5.94e+13,7.865e+13,6.181e+13,1.166e+14,1.203e+14,1.254e+14,1.32e+14,1.346e+14,1.297e+14,1.207e+14,1.413e+14,1.464e+14,1.584e+14,1.696e+14,1.671e+14,1.725e+14,1.716e+14,1.716e+14,1.743e+14,1.793e+14,1.634e+14,1.711e+14,1.748e+14,1.664e+14,1.683e+14,1.676e+14,1.558e+14,1.602e+14,1.601e+14,1.674e+14,1.621e+14,1.628e+14,1.648e+14,1.652e+14,1.635e+14,1.585e+14,1.578e+14,1.564e+14,1.59e+14,1.573e+14,1.584e+14,1.533e+14,1.558e+14,1.512e+14,1.532e+14,1.528e+14,1.508e+14,1.544e+14,1.523e+14,1.537e+14,1.539e+14,1.534e+14,1.537e+14,1.53e+14,1.469e+14,1.527e+14,1.516e+14,1.509e+14,1.497e+14,1.473e+14,1.433e+14,1.41e+14
750,8.5,NA,NA,0,0,0,0,0,0,0,0,0,0,0,0,0,0,0,0,0,0,0,0,0,0,0,0,0,0,0,0,0,0,0,0,0,0,0,0,0,0,0,0,0,0,0,0,0,0,0,0,0,0,0,0,0,0,0,0,0,0,0,0,0,0,0,0,0,1947000,444600000,2.125e+10,2.015e+11,3.052e+11,6.369e+11,7.912e+11,1.373e+12,2.122e+12,2.577e+12,3.379e+12,6.415e+12,6.785e+12,8.95e+12,1.045e+13,1.36e+13,2.265e+13,3.563e+13,4.906e+13,5.008e+13,5.666e+13,5.749e+13,6.126e+13,6.61e+13,6.152e+13,7.952e+13,8.393e+13,7.689e+13,8.956e+13,6.836e+13,9.031e+13,7.083e+13,1.328e+14,1.367e+14,1.423e+14,1.495e+14,1.521e+14,1.462e+14,1.358e+14,1.586e+14,1.641e+14,1.772e+14,1.894e+14,1.862e+14,1.921e+14,1.908e+14,1.905e+14,1.933e+14,1.987e+14,1.81e+14,1.892e+14,1.931e+14,1.838e+14,1.859e+14,1.85e+14,1.718e+14,1.766e+14,1.765e+14,1.848e+14,1.788e+14,1.792e+14,1.815e+14,1.819e+14,1.8e+14,1.746e+14,1.739e+14,1.724e+14,1.752e+14,1.733e+14,1.743e+14,1.686e+14,1.714e+14,1.664e+14,1.686e+14,1.679e+14,1.655e+14,1.692e+14,1.666e+14,1.68e+14,1.68e+14,1.673e+14,1.674e+14,1.664e+14,1.595e+14,1.656e+14,1.641e+14,1.631e+14,1.616e+14,1.588e+14,1.545e+14,1.519e+14
765,8.75,NA,NA,0,0,0,0,0,0,0,0,0,0,0,0,0,0,0,0,0,0,0,0,0,0,0,0,0,0,0,0,0,0,0,0,0,0,0,0,0,0,0,0,0,0,0,0,0,0,0,0,0,0,0,0,0,0,0,0,0,0,0,0,0,0,0,0,0,2569000,734700000,4.088e+10,3.596e+11,5.281e+11,1.053e+12,1.267e+12,2.12e+12,3.165e+12,3.767e+12,4.754e+12,8.881e+12,9.179e+12,1.184e+13,1.37e+13,1.724e+13,2.768e+13,4.231e+13,5.742e+13,5.804e+13,6.527e+13,6.593e+13,7.003e+13,7.531e+13,6.987e+13,9.003e+13,9.474e+13,8.656e+13,1.006e+14,7.656e+13,1.009e+14,7.893e+13,1.477e+14,1.517e+14,1.575e+14,1.652e+14,1.677e+14,1.61e+14,1.493e+14,1.741e+14,1.798e+14,1.939e+14,2.07e+14,2.033e+14,2.095e+14,2.078e+14,2.073e+14,2.101e+14,2.158e+14,1.964e+14,2.051e+14,2.092e+14,1.991e+14,2.015e+14,2.003e+14,1.859e+14,1.91e+14,1.909e+14,2e+14,1.935e+14,1.939e+14,1.963e+14,1.967e+14,1.947e+14,1.889e+14,1.882e+14,1.866e+14,1.897e+14,1.874e+14,1.884e+14,1.821e+14,1.852e+14,1.799e+14,1.823e+14,1.813e+14,1.784e+14,1.822e+14,1.793e+14,1.806e+14,1.805e+14,1.795e+14,1.795e+14,1.783e+14,1.707e+14,1.769e+14,1.752e+14,1.74e+14,1.722e+14,1.691e+14,1.644e+14,1.615e+14
780,9,NA,NA,0,0,0,0,0,0,0,0,0,0,0,0,0,0,0,0,0,0,0,0,0,0,0,0,0,0,0,0,0,0,0,0,0,0,0,0,0,0,0,0,0,0,0,0,0,0,0,0,0,0,0,0,0,0,0,0,0,0,0,0,0,0,0,0,0,3640000,1.379e+09,7.522e+10,5.937e+11,8.445e+11,1.612e+12,1.883e+12,3.051e+12,4.418e+12,5.168e+12,6.315e+12,1.164e+13,1.18e+13,1.493e+13,1.715e+13,2.101e+13,3.273e+13,4.883e+13,6.548e+13,6.562e+13,7.342e+13,7.388e+13,7.825e+13,8.388e+13,7.76e+13,9.973e+13,1.047e+14,9.542e+13,1.106e+14,8.402e+13,1.105e+14,8.628e+13,1.612e+14,1.652e+14,1.713e+14,1.793e+14,1.818e+14,1.742e+14,1.613e+14,1.879e+14,1.938e+14,2.088e+14,2.226e+14,2.184e+14,2.249e+14,2.229e+14,2.221e+14,2.25e+14,2.31e+14,2.101e+14,2.193e+14,2.235e+14,2.127e+14,2.152e+14,2.138e+14,1.984e+14,2.037e+14,2.037e+14,2.134e+14,2.065e+14,2.068e+14,2.094e+14,2.098e+14,2.076e+14,2.015e+14,2.009e+14,1.992e+14,2.025e+14,1.999e+14,2.009e+14,1.941e+14,1.974e+14,1.919e+14,1.943e+14,1.931e+14,1.899e+14,1.938e+14,1.906e+14,1.918e+14,1.915e+14,1.904e+14,1.902e+14,1.889e+14,1.806e+14,1.87e+14,1.85e+14,1.836e+14,1.816e+14,1.783e+14,1.733e+14,1.702e+14
795,9.25,NA,NA,0,0,0,0,0,0,0,0,0,0,0,0,0,0,0,0,0,0,0,0,0,0,0,0,0,0,0,0,0,0,0,0,0,0,0,0,0,0,0,0,0,0,0,0,0,0,0,0,0,0,0,0,0,0,0,0,0,0,0,0,0,0,0,0,0,5959000,2.738e+09,1.292e+11,9.116e+11,1.259e+12,2.31e+12,2.63e+12,4.143e+12,5.846e+12,6.738e+12,8.013e+12,1.46e+13,1.457e+13,1.814e+13,2.071e+13,2.479e+13,3.768e+13,5.509e+13,7.312e+13,7.276e+13,8.104e+13,8.126e+13,8.585e+13,9.179e+13,8.471e+13,1.086e+14,1.138e+14,1.035e+14,1.197e+14,9.077e+13,1.192e+14,9.289e+13,1.732e+14,1.773e+14,1.835e+14,1.919e+14,1.943e+14,1.86e+14,1.72e+14,2.001e+14,2.063e+14,2.219e+14,2.365e+14,2.318e+14,2.385e+14,2.362e+14,2.352e+14,2.381e+14,2.445e+14,2.222e+14,2.317e+14,2.361e+14,2.246e+14,2.273e+14,2.258e+14,2.093e+14,2.15e+14,2.15e+14,2.253e+14,2.18e+14,2.182e+14,2.21e+14,2.214e+14,2.191e+14,2.127e+14,2.121e+14,2.103e+14,2.138e+14,2.11e+14,2.119e+14,2.047e+14,2.083e+14,2.025e+14,2.051e+14,2.036e+14,2.001e+14,2.04e+14,2.005e+14,2.017e+14,2.013e+14,2e+14,1.998e+14,1.982e+14,1.894e+14,1.96e+14,1.938e+14,1.922e+14,1.9e+14,1.865e+14,1.812e+14,1.778e+14
810,9.5,NA,NA,0,0,0,0,0,0,0,0,0,0,0,0,0,0,0,0,0,0,0,0,0,0,0,0,0,0,0,0,0,0,0,0,0,0,0,0,0,0,0,0,0,0,0,0,0,0,0,0,0,0,0,0,0,0,0,0,0,0,0,0,0,0,0,0,0,11670000,5.332e+09,2.069e+11,1.314e+12,1.767e+12,3.133e+12,3.489e+12,5.367e+12,7.406e+12,8.431e+12,9.798e+12,1.768e+13,1.74e+13,2.139e+13,2.429e+13,2.853e+13,4.245e+13,6.103e+13,8.029e+13,7.941e+13,8.81e+13,8.808e+13,9.284e+13,9.903e+13,9.12e+13,1.167e+14,1.22e+14,1.108e+14,1.279e+14,9.685e+13,1.27e+14,9.882e+13,1.84e+14,1.882e+14,1.945e+14,2.031e+14,2.054e+14,1.964e+14,1.815e+14,2.11e+14,2.173e+14,2.336e+14,2.487e+14,2.436e+14,2.506e+14,2.48e+14,2.468e+14,2.497e+14,2.563e+14,2.328e+14,2.427e+14,2.472e+14,2.352e+14,2.38e+14,2.363e+14,2.19e+14,2.249e+14,2.249e+14,2.357e+14,2.281e+14,2.283e+14,2.312e+14,2.316e+14,2.291e+14,2.225e+14,2.22e+14,2.202e+14,2.238e+14,2.208e+14,2.216e+14,2.141e+14,2.179e+14,2.119e+14,2.145e+14,2.129e+14,2.091e+14,2.131e+14,2.093e+14,2.105e+14,2.1e+14,2.085e+14,2.082e+14,2.065e+14,1.972e+14,2.039e+14,2.015e+14,1.997e+14,1.974e+14,1.937e+14,1.881e+14,1.847e+14
825,9.75,NA,NA,0,0,0,0,0,0,0,0,0,0,0,0,0,0,0,0,0,0,0,0,0,0,0,0,0,0,0,0,0,0,0,0,0,0,0,0,0,0,0,0,0,0,0,0,0,0,0,0,0,0,0,0,0,0,0,0,0,0,0,0,0,0,0,0,0,25510000,9.799e+09,3.104e+11,1.796e+12,2.359e+12,4.062e+12,4.437e+12,6.687e+12,9.056e+12,1.02e+13,1.163e+13,2.081e+13,2.025e+13,2.461e+13,2.781e+13,3.214e+13,4.699e+13,6.659e+13,8.696e+13,8.554e+13,9.459e+13,9.431e+13,9.922e+13,1.056e+14,9.708e+13,1.24e+14,1.294e+14,1.173e+14,1.353e+14,1.023e+14,1.339e+14,1.041e+14,1.937e+14,1.978e+14,2.042e+14,2.131e+14,2.153e+14,2.057e+14,1.899e+14,2.206e+14,2.27e+14,2.439e+14,2.595e+14,2.54e+14,2.612e+14,2.583e+14,2.569e+14,2.599e+14,2.667e+14,2.422e+14,2.523e+14,2.569e+14,2.444e+14,2.474e+14,2.455e+14,2.275e+14,2.336e+14,2.336e+14,2.449e+14,2.37e+14,2.371e+14,2.401e+14,2.406e+14,2.38e+14,2.312e+14,2.307e+14,2.288e+14,2.326e+14,2.294e+14,2.302e+14,2.223e+14,2.263e+14,2.201e+14,2.228e+14,2.211e+14,2.169e+14,2.21e+14,2.171e+14,2.182e+14,2.176e+14,2.16e+14,2.156e+14,2.137e+14,2.04e+14,2.108e+14,2.083e+14,2.064e+14,2.04e+14,2.001e+14,1.943e+14,1.907e+14
840,10,NA,NA,0,0,0,0,0,0,0,0,0,0,0,0,0,0,0,0,0,0,0,0,0,0,0,0,0,0,0,0,0,0,0,0,0,0,0,0,0,0,0,0,0,0,0,0,0,0,0,0,0,0,0,0,0,0,0,0,0,0,0,0,0,0,0,0,0,56150000,1.68e+10,4.401e+11,2.346e+12,3.021e+12,5.072e+12,5.448e+12,8.069e+12,1.075e+13,1.2e+13,1.345e+13,2.392e+13,2.305e+13,2.775e+13,3.123e+13,3.56e+13,5.126e+13,7.175e+13,9.31e+13,9.116e+13,1.005e+14,9.998e+13,1.05e+14,1.116e+14,1.024e+14,1.306e+14,1.361e+14,1.232e+14,1.419e+14,1.071e+14,1.401e+14,1.088e+14,2.022e+14,2.063e+14,2.128e+14,2.219e+14,2.24e+14,2.139e+14,1.973e+14,2.29e+14,2.355e+14,2.529e+14,2.69e+14,2.631e+14,2.704e+14,2.674e+14,2.658e+14,2.688e+14,2.757e+14,2.503e+14,2.607e+14,2.654e+14,2.524e+14,2.555e+14,2.535e+14,2.349e+14,2.411e+14,2.412e+14,2.529e+14,2.447e+14,2.448e+14,2.479e+14,2.484e+14,2.457e+14,2.387e+14,2.382e+14,2.364e+14,2.402e+14,2.369e+14,2.376e+14,2.295e+14,2.336e+14,2.273e+14,2.301e+14,2.282e+14,2.238e+14,2.28e+14,2.238e+14,2.249e+14,2.242e+14,2.225e+14,2.22e+14,2.201e+14,2.1e+14,2.169e+14,2.142e+14,2.122e+14,2.097e+14,2.056e+14,1.997e+14,1.959e+14
855,10.25,NA,NA,0,0,0,0,0,0,0,0,0,0,0,0,0,0,0,0,0,0,0,0,0,0,0,0,0,0,0,0,0,0,0,0,0,0,0,0,0,0,0,0,0,0,0,0,0,0,0,0,0,0,0,0,0,0,0,0,0,0,0,0,0,0,0,0,0,1.17e+08,2.693e+10,5.946e+11,2.951e+12,3.736e+12,6.135e+12,6.499e+12,9.481e+12,1.246e+13,1.38e+13,1.525e+13,2.695e+13,2.575e+13,3.076e+13,3.451e+13,3.887e+13,5.524e+13,7.651e+13,9.871e+13,9.628e+13,1.059e+14,1.051e+14,1.102e+14,1.169e+14,1.071e+14,1.365e+14,1.42e+14,1.284e+14,1.478e+14,1.115e+14,1.456e+14,1.13e+14,2.097e+14,2.138e+14,2.204e+14,2.296e+14,2.316e+14,2.21e+14,2.038e+14,2.364e+14,2.43e+14,2.608e+14,2.772e+14,2.711e+14,2.785e+14,2.752e+14,2.735e+14,2.765e+14,2.836e+14,2.574e+14,2.68e+14,2.728e+14,2.594e+14,2.626e+14,2.604e+14,2.413e+14,2.477e+14,2.477e+14,2.598e+14,2.514e+14,2.515e+14,2.547e+14,2.551e+14,2.524e+14,2.453e+14,2.448e+14,2.429e+14,2.469e+14,2.434e+14,2.441e+14,2.357e+14,2.4e+14,2.336e+14,2.364e+14,2.344e+14,2.298e+14,2.34e+14,2.297e+14,2.308e+14,2.3e+14,2.282e+14,2.276e+14,2.255e+14,2.152e+14,2.222e+14,2.193e+14,2.173e+14,2.146e+14,2.104e+14,2.043e+14,2.005e+14
870,10.5,NA,NA,0,0,0,0,0,0,0,0,0,0,0,0,0,0,0,0,0,0,0,0,0,0,0,0,0,0,0,0,0,0,0,0,0,0,0,0,0,0,0,0,0,0,0,0,0,0,0,0,0,0,0,0,0,0,0,0,0,0,0,0,0,0,0,0,0,225600000,4.059e+10,7.708e+11,3.596e+12,4.485e+12,7.228e+12,7.562e+12,1.089e+13,1.415e+13,1.556e+13,1.699e+13,2.987e+13,2.834e+13,3.361e+13,3.759e+13,4.193e+13,5.891e+13,8.085e+13,1.038e+14,1.009e+14,1.107e+14,1.097e+14,1.149e+14,1.217e+14,1.114e+14,1.417e+14,1.473e+14,1.331e+14,1.529e+14,1.152e+14,1.504e+14,1.166e+14,2.163e+14,2.204e+14,2.27e+14,2.363e+14,2.383e+14,2.272e+14,2.094e+14,2.428e+14,2.494e+14,2.676e+14,2.843e+14,2.779e+14,2.854e+14,2.82e+14,2.802e+14,2.831e+14,2.904e+14,2.635e+14,2.743e+14,2.791e+14,2.654e+14,2.687e+14,2.664e+14,2.468e+14,2.533e+14,2.533e+14,2.658e+14,2.571e+14,2.572e+14,2.605e+14,2.609e+14,2.581e+14,2.509e+14,2.504e+14,2.485e+14,2.526e+14,2.489e+14,2.496e+14,2.41e+14,2.454e+14,2.389e+14,2.418e+14,2.396e+14,2.349e+14,2.392e+14,2.347e+14,2.358e+14,2.349e+14,2.33e+14,2.324e+14,2.302e+14,2.196e+14,2.267e+14,2.237e+14,2.216e+14,2.188e+14,2.146e+14,2.083e+14,2.044e+14
885,10.75,NA,NA,0,0,0,0,0,0,0,0,0,0,0,0,0,0,0,0,0,0,0,0,0,0,0,0,0,0,0,0,0,0,0,0,0,0,0,0,0,0,0,0,0,0,0,0,0,0,0,0,0,0,0,0,0,0,0,0,0,0,0,0,0,0,0,0,0,399800000,5.768e+10,9.609e+11,4.252e+12,5.235e+12,8.302e+12,8.596e+12,1.224e+13,1.575e+13,1.722e+13,1.861e+13,3.257e+13,3.071e+13,3.621e+13,4.04e+13,4.467e+13,6.218e+13,8.468e+13,1.083e+14,1.049e+14,1.149e+14,1.137e+14,1.189e+14,1.258e+14,1.15e+14,1.461e+14,1.518e+14,1.37e+14,1.573e+14,1.184e+14,1.545e+14,1.197e+14,2.219e+14,2.259e+14,2.325e+14,2.419e+14,2.438e+14,2.324e+14,2.14e+14,2.481e+14,2.548e+14,2.732e+14,2.902e+14,2.836e+14,2.911e+14,2.875e+14,2.856e+14,2.885e+14,2.959e+14,2.684e+14,2.794e+14,2.842e+14,2.703e+14,2.736e+14,2.713e+14,2.512e+14,2.579e+14,2.579e+14,2.706e+14,2.618e+14,2.619e+14,2.652e+14,2.656e+14,2.628e+14,2.554e+14,2.55e+14,2.531e+14,2.572e+14,2.535e+14,2.541e+14,2.454e+14,2.499e+14,2.433e+14,2.462e+14,2.44e+14,2.391e+14,2.434e+14,2.388e+14,2.398e+14,2.389e+14,2.369e+14,2.362e+14,2.341e+14,2.232e+14,2.303e+14,2.273e+14,2.251e+14,2.223e+14,2.179e+14,2.116e+14,2.076e+14
900,11,NA,NA,0,0,0,0,0,0,0,0,0,0,0,0,0,0,0,0,0,0,0,0,0,0,0,0,0,0,0,0,0,0,0,0,0,0,0,0,0,0,0,0,0,0,0,0,0,0,0,0,0,0,0,0,0,0,0,0,0,0,0,0,0,0,0,0,0,664200000,7.82e+10,1.156e+12,4.907e+12,5.979e+12,9.357e+12,9.605e+12,1.355e+13,1.728e+13,1.881e+13,2.015e+13,3.513e+13,3.295e+13,3.866e+13,4.305e+13,4.724e+13,6.521e+13,8.821e+13,1.124e+14,1.086e+14,1.187e+14,1.173e+14,1.225e+14,1.295e+14,1.183e+14,1.502e+14,1.559e+14,1.405e+14,1.612e+14,1.213e+14,1.581e+14,1.224e+14,2.268e+14,2.308e+14,2.375e+14,2.469e+14,2.487e+14,2.369e+14,2.182e+14,2.528e+14,2.595e+14,2.782e+14,2.953e+14,2.885e+14,2.962e+14,2.924e+14,2.904e+14,2.933e+14,3.008e+14,2.728e+14,2.839e+14,2.887e+14,2.746e+14,2.78e+14,2.755e+14,2.551e+14,2.618e+14,2.619e+14,2.748e+14,2.659e+14,2.659e+14,2.693e+14,2.698e+14,2.669e+14,2.594e+14,2.59e+14,2.571e+14,2.613e+14,2.574e+14,2.581e+14,2.491e+14,2.537e+14,2.471e+14,2.501e+14,2.477e+14,2.427e+14,2.47e+14,2.423e+14,2.433e+14,2.424e+14,2.403e+14,2.396e+14,2.374e+14,2.263e+14,2.335e+14,2.304e+14,2.281e+14,2.252e+14,2.208e+14,2.144e+14,2.103e+14
915,11.25,NA,NA,0,0,0,0,0,0,0,0,0,0,0,0,0,0,0,0,0,0,0,0,0,0,0,0,0,0,0,0,0,0,0,0,0,0,0,0,0,0,0,0,0,0,0,0,0,0,0,0,0,0,0,0,0,0,0,0,0,0,0,0,0,0,0,0,0,1.023e+09,1.026e+11,1.38e+12,5.621e+12,6.735e+12,1.046e+13,1.06e+13,1.479e+13,1.882e+13,2.033e+13,2.157e+13,3.759e+13,3.505e+13,4.088e+13,4.545e+13,4.952e+13,6.793e+13,9.135e+13,1.16e+14,1.119e+14,1.221e+14,1.205e+14,1.257e+14,1.328e+14,1.211e+14,1.537e+14,1.594e+14,1.436e+14,1.647e+14,1.238e+14,1.613e+14,1.248e+14,2.31e+14,2.35e+14,2.417e+14,2.512e+14,2.529e+14,2.408e+14,2.217e+14,2.567e+14,2.635e+14,2.824e+14,2.997e+14,2.927e+14,3.004e+14,2.965e+14,2.944e+14,2.973e+14,3.048e+14,2.764e+14,2.876e+14,2.925e+14,2.781e+14,2.815e+14,2.79e+14,2.584e+14,2.651e+14,2.652e+14,2.783e+14,2.692e+14,2.693e+14,2.727e+14,2.732e+14,2.702e+14,2.627e+14,2.623e+14,2.603e+14,2.646e+14,2.607e+14,2.613e+14,2.522e+14,2.569e+14,2.502e+14,2.532e+14,2.508e+14,2.457e+14,2.499e+14,2.452e+14,2.462e+14,2.452e+14,2.431e+14,2.424e+14,2.401e+14,2.288e+14,2.361e+14,2.329e+14,2.306e+14,2.277e+14,2.232e+14,2.167e+14,2.126e+14
930,11.5,NA,NA,0,0,0,0,0,0,0,0,0,0,0,0,0,0,0,0,0,0,0,0,0,0,0,0,0,0,0,0,0,0,0,0,0,0,0,0,0,0,0,0,0,0,0,0,0,0,0,0,0,0,0,0,0,0,0,0,0,0,0,0,0,0,0,0,0,1.495e+09,1.29e+11,1.593e+12,6.245e+12,7.469e+12,1.142e+13,1.154e+13,1.604e+13,2.015e+13,2.175e+13,2.296e+13,3.979e+13,3.7e+13,4.304e+13,4.775e+13,5.177e+13,7.048e+13,9.427e+13,1.194e+14,1.149e+14,1.252e+14,1.234e+14,1.287e+14,1.357e+14,1.238e+14,1.569e+14,1.626e+14,1.464e+14,1.678e+14,1.261e+14,1.641e+14,1.269e+14,2.349e+14,2.388e+14,2.455e+14,2.55e+14,2.567e+14,2.443e+14,2.248e+14,2.603e+14,2.67e+14,2.861e+14,3.036e+14,2.964e+14,3.042e+14,3.002e+14,2.98e+14,3.008e+14,3.084e+14,2.797e+14,2.909e+14,2.958e+14,2.813e+14,2.848e+14,2.822e+14,2.613e+14,2.681e+14,2.682e+14,2.814e+14,2.722e+14,2.723e+14,2.757e+14,2.762e+14,2.732e+14,2.656e+14,2.653e+14,2.633e+14,2.676e+14,2.636e+14,2.642e+14,2.55e+14,2.598e+14,2.53e+14,2.561e+14,2.536e+14,2.484e+14,2.527e+14,2.478e+14,2.488e+14,2.478e+14,2.456e+14,2.448e+14,2.425e+14,2.311e+14,2.384e+14,2.351e+14,2.328e+14,2.298e+14,2.253e+14,2.187e+14,2.145e+14
945,11.75,NA,NA,0,0,0,0,0,0,0,0,0,0,0,0,0,0,0,0,0,0,0,0,0,0,0,0,0,0,0,0,0,0,0,0,0,0,0,0,0,0,0,0,0,0,0,0,0,0,0,0,0,0,0,0,0,0,0,0,0,0,0,0,0,0,0,0,0,2.059e+09,1.567e+11,1.799e+12,6.85e+12,8.134e+12,1.233e+13,1.239e+13,1.711e+13,2.139e+13,2.301e+13,2.415e+13,4.174e+13,3.869e+13,4.485e+13,4.97e+13,5.363e+13,7.262e+13,9.671e+13,1.222e+14,1.173e+14,1.277e+14,1.258e+14,1.311e+14,1.382e+14,1.259e+14,1.595e+14,1.652e+14,1.487e+14,1.702e+14,1.279e+14,1.664e+14,1.286e+14,2.379e+14,2.418e+14,2.485e+14,2.58e+14,2.596e+14,2.471e+14,2.273e+14,2.63e+14,2.698e+14,2.89e+14,3.066e+14,2.993e+14,3.071e+14,3.03e+14,3.007e+14,3.035e+14,3.112e+14,2.821e+14,2.934e+14,2.983e+14,2.837e+14,2.871e+14,2.845e+14,2.634e+14,2.703e+14,2.704e+14,2.837e+14,2.745e+14,2.745e+14,2.78e+14,2.784e+14,2.754e+14,2.678e+14,2.674e+14,2.655e+14,2.698e+14,2.658e+14,2.663e+14,2.571e+14,2.619e+14,2.551e+14,2.582e+14,2.556e+14,2.503e+14,2.546e+14,2.498e+14,2.507e+14,2.496e+14,2.474e+14,2.466e+14,2.442e+14,2.327e+14,2.4e+14,2.368e+14,2.344e+14,2.313e+14,2.268e+14,2.202e+14,2.16e+14
960,12,NA,NA,0,0,0,0,0,0,0,0,0,0,0,0,0,0,0,0,0,0,0,0,0,0,0,0,0,0,0,0,0,0,0,0,0,0,0,0,0,0,0,0,0,0,0,0,0,0,0,0,0,0,0,0,0,0,0,0,0,0,0,0,0,0,0,0,0,2.701e+09,1.847e+11,1.994e+12,7.407e+12,8.744e+12,1.315e+13,1.316e+13,1.807e+13,2.248e+13,2.412e+13,2.52e+13,4.347e+13,4.017e+13,4.645e+13,5.14e+13,5.524e+13,7.447e+13,9.88e+13,1.245e+14,1.195e+14,1.299e+14,1.278e+14,1.331e+14,1.402e+14,1.277e+14,1.617e+14,1.673e+14,1.505e+14,1.723e+14,1.294e+14,1.683e+14,1.3e+14,2.404e+14,2.442e+14,2.509e+14,2.605e+14,2.62e+14,2.493e+14,2.292e+14,2.653e+14,2.72e+14,2.913e+14,3.09e+14,3.016e+14,3.094e+14,3.052e+14,3.028e+14,3.057e+14,3.134e+14,2.841e+14,2.954e+14,3.003e+14,2.855e+14,2.89e+14,2.863e+14,2.651e+14,2.72e+14,2.721e+14,2.856e+14,2.762e+14,2.762e+14,2.798e+14,2.802e+14,2.772e+14,2.695e+14,2.692e+14,2.672e+14,2.716e+14,2.675e+14,2.68e+14,2.587e+14,2.635e+14,2.567e+14,2.598e+14,2.572e+14,2.519e+14,2.562e+14,2.513e+14,2.522e+14,2.511e+14,2.488e+14,2.48e+14,2.456e+14,2.34e+14,2.413e+14,2.38e+14,2.356e+14,2.326e+14,2.28e+14,2.213e+14,2.171e+14
975,12.25,NA,NA,0,0,0,0,0,0,0,0,0,0,0,0,0,0,0,0,0,0,0,0,0,0,0,0,0,0,0,0,0,0,0,0,0,0,0,0,0,0,0,0,0,0,0,0,0,0,0,0,0,0,0,0,0,0,0,0,0,0,0,0,0,0,0,0,0,3.388e+09,2.119e+11,2.172e+12,7.906e+12,9.286e+12,1.388e+13,1.383e+13,1.892e+13,2.344e+13,2.51e+13,2.611e+13,4.496e+13,4.145e+13,4.782e+13,5.287e+13,5.663e+13,7.605e+13,1.006e+14,1.266e+14,1.212e+14,1.317e+14,1.295e+14,1.348e+14,1.419e+14,1.292e+14,1.635e+14,1.691e+14,1.521e+14,1.74e+14,1.306e+14,1.698e+14,1.312e+14,2.425e+14,2.462e+14,2.529e+14,2.625e+14,2.64e+14,2.511e+14,2.308e+14,2.671e+14,2.738e+14,2.932e+14,3.109e+14,3.034e+14,3.112e+14,3.07e+14,3.046e+14,3.074e+14,3.151e+14,2.856e+14,2.969e+14,3.019e+14,2.87e+14,2.905e+14,2.878e+14,2.664e+14,2.734e+14,2.735e+14,2.87e+14,2.776e+14,2.776e+14,2.812e+14,2.816e+14,2.785e+14,2.708e+14,2.705e+14,2.685e+14,2.729e+14,2.688e+14,2.693e+14,2.6e+14,2.648e+14,2.58e+14,2.611e+14,2.585e+14,2.53e+14,2.574e+14,2.524e+14,2.533e+14,2.522e+14,2.499e+14,2.491e+14,2.466e+14,2.35e+14,2.423e+14,2.39e+14,2.366e+14,2.335e+14,2.289e+14,2.222e+14,2.18e+14
990,12.5,NA,NA,0,0,0,0,0,0,0,0,0,0,0,0,0,0,0,0,0,0,0,0,0,0,0,0,0,0,0,0,0,0,0,0,0,0,0,0,0,0,0,0,0,0,0,0,0,0,0,0,0,0,0,0,0,0,0,0,0,0,0,0,0,0,0,0,0,4.079e+09,2.371e+11,2.331e+12,8.339e+12,9.755e+12,1.451e+13,1.441e+13,1.964e+13,2.425e+13,2.592e+13,2.688e+13,4.622e+13,4.253e+13,4.897e+13,5.409e+13,5.778e+13,7.735e+13,1.02e+14,1.282e+14,1.227e+14,1.332e+14,1.309e+14,1.362e+14,1.433e+14,1.304e+14,1.649e+14,1.706e+14,1.534e+14,1.754e+14,1.316e+14,1.711e+14,1.321e+14,2.442e+14,2.478e+14,2.545e+14,2.641e+14,2.655e+14,2.525e+14,2.321e+14,2.685e+14,2.752e+14,2.947e+14,3.124e+14,3.049e+14,3.127e+14,3.083e+14,3.059e+14,3.087e+14,3.164e+14,2.868e+14,2.981e+14,3.031e+14,2.881e+14,2.917e+14,2.889e+14,2.674e+14,2.744e+14,2.745e+14,2.881e+14,2.786e+14,2.786e+14,2.822e+14,2.826e+14,2.796e+14,2.718e+14,2.716e+14,2.695e+14,2.739e+14,2.698e+14,2.703e+14,2.609e+14,2.658e+14,2.589e+14,2.62e+14,2.594e+14,2.54e+14,2.583e+14,2.533e+14,2.542e+14,2.53e+14,2.507e+14,2.499e+14,2.474e+14,2.357e+14,2.431e+14,2.397e+14,2.373e+14,2.342e+14,2.296e+14,2.229e+14,2.186e+14
1005,12.75,NA,NA,0,0,0,0,0,0,0,0,0,0,0,0,0,0,0,0,0,0,0,0,0,0,0,0,0,0,0,0,0,0,0,0,0,0,0,0,0,0,0,0,0,0,0,0,0,0,0,0,0,0,0,0,0,0,0,0,0,0,0,0,0,0,0,0,0,4.726e+09,2.593e+11,2.464e+12,8.7e+12,1.014e+13,1.502e+13,1.488e+13,2.023e+13,2.492e+13,2.659e+13,2.75e+13,4.724e+13,4.34e+13,4.99e+13,5.509e+13,5.871e+13,7.841e+13,1.032e+14,1.296e+14,1.239e+14,1.344e+14,1.32e+14,1.373e+14,1.444e+14,1.313e+14,1.661e+14,1.718e+14,1.543e+14,1.765e+14,1.324e+14,1.72e+14,1.328e+14,2.454e+14,2.491e+14,2.557e+14,2.653e+14,2.667e+14,2.536e+14,2.331e+14,2.696e+14,2.763e+14,2.958e+14,3.136e+14,3.059e+14,3.137e+14,3.094e+14,3.069e+14,3.097e+14,3.174e+14,2.876e+14,2.99e+14,3.039e+14,2.89e+14,2.925e+14,2.897e+14,2.682e+14,2.751e+14,2.752e+14,2.889e+14,2.794e+14,2.794e+14,2.829e+14,2.834e+14,2.803e+14,2.726e+14,2.723e+14,2.703e+14,2.747e+14,2.705e+14,2.71e+14,2.616e+14,2.665e+14,2.596e+14,2.628e+14,2.601e+14,2.546e+14,2.589e+14,2.539e+14,2.548e+14,2.536e+14,2.513e+14,2.505e+14,2.48e+14,2.362e+14,2.436e+14,2.402e+14,2.378e+14,2.347e+14,2.3e+14,2.233e+14,2.19e+14
1020,13,NA,NA,0,0,0,0,0,0,0,0,0,0,0,0,0,0,0,0,0,0,0,0,0,0,0,0,0,0,0,0,0,0,0,0,0,0,0,0,0,0,0,0,0,0,0,0,0,0,0,0,0,0,0,0,0,0,0,0,0,0,0,0,0,0,0,0,0,5.283e+09,2.774e+11,2.57e+12,8.983e+12,1.045e+13,1.543e+13,1.525e+13,2.068e+13,2.543e+13,2.711e+13,2.798e+13,4.802e+13,4.407e+13,5.061e+13,5.585e+13,5.942e+13,7.921e+13,1.041e+14,1.306e+14,1.248e+14,1.353e+14,1.329e+14,1.381e+14,1.453e+14,1.321e+14,1.67e+14,1.726e+14,1.551e+14,1.773e+14,1.33e+14,1.728e+14,1.333e+14,2.464e+14,2.5e+14,2.566e+14,2.662e+14,2.676e+14,2.544e+14,2.338e+14,2.704e+14,2.771e+14,2.966e+14,3.144e+14,3.067e+14,3.145e+14,3.101e+14,3.076e+14,3.104e+14,3.181e+14,2.883e+14,2.997e+14,3.046e+14,2.896e+14,2.931e+14,2.903e+14,2.687e+14,2.756e+14,2.758e+14,2.894e+14,2.8e+14,2.799e+14,2.835e+14,2.839e+14,2.808e+14,2.731e+14,2.728e+14,2.708e+14,2.752e+14,2.71e+14,2.715e+14,2.621e+14,2.67e+14,2.602e+14,2.632e+14,2.605e+14,2.551e+14,2.594e+14,2.543e+14,2.552e+14,2.541e+14,2.517e+14,2.509e+14,2.484e+14,2.366e+14,2.44e+14,2.406e+14,2.381e+14,2.35e+14,2.304e+14,2.237e+14,2.194e+14
1035,13.25,NA,NA,0,0,0,0,0,0,0,0,0,0,0,0,0,0,0,0,0,0,0,0,0,0,0,0,0,0,0,0,0,0,0,0,0,0,0,0,0,0,0,0,0,0,0,0,0,0,0,0,0,0,0,0,0,0,0,0,0,0,0,0,0,0,0,0,0,5.706e+09,2.906e+11,2.646e+12,9.184e+12,1.066e+13,1.571e+13,1.551e+13,2.1e+13,2.579e+13,2.747e+13,2.832e+13,4.857e+13,4.454e+13,5.111e+13,5.638e+13,5.992e+13,7.977e+13,1.047e+14,1.313e+14,1.254e+14,1.359e+14,1.334e+14,1.387e+14,1.458e+14,1.326e+14,1.676e+14,1.732e+14,1.556e+14,1.779e+14,1.334e+14,1.732e+14,1.337e+14,2.47e+14,2.506e+14,2.573e+14,2.668e+14,2.682e+14,2.549e+14,2.343e+14,2.709e+14,2.776e+14,2.971e+14,3.15e+14,3.072e+14,3.15e+14,3.106e+14,3.081e+14,3.108e+14,3.186e+14,2.887e+14,3.001e+14,3.05e+14,2.899e+14,2.935e+14,2.907e+14,2.69e+14,2.76e+14,2.761e+14,2.898e+14,2.803e+14,2.803e+14,2.838e+14,2.843e+14,2.812e+14,2.734e+14,2.731e+14,2.711e+14,2.755e+14,2.713e+14,2.718e+14,2.624e+14,2.673e+14,2.605e+14,2.636e+14,2.609e+14,2.553e+14,2.597e+14,2.546e+14,2.555e+14,2.543e+14,2.52e+14,2.511e+14,2.486e+14,2.368e+14,2.442e+14,2.408e+14,2.383e+14,2.352e+14,2.306e+14,2.239e+14,2.196e+14
1050,13.5,NA,NA,0,0,0,0,0,0,0,0,0,0,0,0,0,0,0,0,0,0,0,0,0,0,0,0,0,0,0,0,0,0,0,0,0,0,0,0,0,0,0,0,0,0,0,0,0,0,0,0,0,0,0,0,0,0,0,0,0,0,0,0,0,0,0,0,0,5.962e+09,2.985e+11,2.691e+12,9.3e+12,1.079e+13,1.587e+13,1.566e+13,2.119e+13,2.6e+13,2.768e+13,2.852e+13,4.889e+13,4.481e+13,5.139e+13,5.668e+13,6.02e+13,8.009e+13,1.051e+14,1.317e+14,1.257e+14,1.363e+14,1.338e+14,1.39e+14,1.462e+14,1.328e+14,1.679e+14,1.735e+14,1.559e+14,1.782e+14,1.336e+14,1.735e+14,1.339e+14,2.474e+14,2.51e+14,2.576e+14,2.672e+14,2.685e+14,2.552e+14,2.345e+14,2.712e+14,2.779e+14,2.974e+14,3.153e+14,3.075e+14,3.153e+14,3.109e+14,3.083e+14,3.111e+14,3.188e+14,2.889e+14,3.003e+14,3.052e+14,2.902e+14,2.937e+14,2.909e+14,2.692e+14,2.762e+14,2.763e+14,2.9e+14,2.805e+14,2.805e+14,2.84e+14,2.845e+14,2.814e+14,2.736e+14,2.733e+14,2.713e+14,2.757e+14,2.715e+14,2.72e+14,2.626e+14,2.675e+14,2.606e+14,2.637e+14,2.61e+14,2.555e+14,2.598e+14,2.548e+14,2.556e+14,2.545e+14,2.521e+14,2.513e+14,2.487e+14,2.369e+14,2.443e+14,2.409e+14,2.384e+14,2.353e+14,2.307e+14,2.24e+14,2.197e+14
1065,13.75,NA,NA,0,0,0,0,0,0,0,0,0,0,0,0,0,0,0,0,0,0,0,0,0,0,0,0,0,0,0,0,0,0,0,0,0,0,0,0,0,0,0,0,0,0,0,0,0,0,0,0,0,0,0,0,0,0,0,0,0,0,0,0,0,0,0,0,0,6.03e+09,3.005e+11,2.702e+12,9.33e+12,1.082e+13,1.592e+13,1.57e+13,2.124e+13,2.606e+13,2.774e+13,2.857e+13,4.897e+13,4.488e+13,5.147e+13,5.676e+13,6.028e+13,8.017e+13,1.052e+14,1.318e+14,1.258e+14,1.364e+14,1.338e+14,1.391e+14,1.462e+14,1.329e+14,1.68e+14,1.736e+14,1.559e+14,1.782e+14,1.336e+14,1.736e+14,1.34e+14,2.475e+14,2.511e+14,2.577e+14,2.673e+14,2.686e+14,2.553e+14,2.346e+14,2.713e+14,2.78e+14,2.975e+14,3.153e+14,3.076e+14,3.154e+14,3.11e+14,3.084e+14,3.112e+14,3.189e+14,2.89e+14,3.004e+14,3.053e+14,2.902e+14,2.938e+14,2.909e+14,2.693e+14,2.762e+14,2.764e+14,2.9e+14,2.805e+14,2.805e+14,2.841e+14,2.845e+14,2.814e+14,2.737e+14,2.734e+14,2.714e+14,2.758e+14,2.716e+14,2.721e+14,2.626e+14,2.675e+14,2.607e+14,2.638e+14,2.611e+14,2.556e+14,2.599e+14,2.548e+14,2.557e+14,2.545e+14,2.522e+14,2.513e+14,2.488e+14,2.37e+14,2.443e+14,2.41e+14,2.385e+14,2.353e+14,2.307e+14,2.24e+14,2.197e+14
1080,14,NA,NA,0,0,0,0,0,0,0,0,0,0,0,0,0,0,0,0,0,0,0,0,0,0,0,0,0,0,0,0,0,0,0,0,0,0,0,0,0,0,0,0,0,0,0,0,0,0,0,0,0,0,0,0,0,0,0,0,0,0,0,0,0,0,0,0,0,5.904e+09,2.967e+11,2.681e+12,9.274e+12,1.076e+13,1.584e+13,1.563e+13,2.115e+13,2.596e+13,2.764e+13,2.847e+13,4.883e+13,4.475e+13,5.133e+13,5.661e+13,6.014e+13,8.002e+13,1.05e+14,1.316e+14,1.256e+14,1.362e+14,1.337e+14,1.389e+14,1.461e+14,1.328e+14,1.678e+14,1.735e+14,1.558e+14,1.781e+14,1.335e+14,1.735e+14,1.339e+14,2.473e+14,2.509e+14,2.575e+14,2.671e+14,2.685e+14,2.552e+14,2.345e+14,2.711e+14,2.778e+14,2.974e+14,3.152e+14,3.075e+14,3.153e+14,3.108e+14,3.083e+14,3.11e+14,3.188e+14,2.889e+14,3.003e+14,3.052e+14,2.901e+14,2.937e+14,2.908e+14,2.692e+14,2.761e+14,2.763e+14,2.899e+14,2.805e+14,2.804e+14,2.84e+14,2.844e+14,2.813e+14,2.736e+14,2.733e+14,2.713e+14,2.757e+14,2.715e+14,2.72e+14,2.625e+14,2.674e+14,2.606e+14,2.637e+14,2.61e+14,2.555e+14,2.598e+14,2.547e+14,2.556e+14,2.544e+14,2.521e+14,2.512e+14,2.487e+14,2.369e+14,2.443e+14,2.409e+14,2.384e+14,2.353e+14,2.307e+14,2.239e+14,2.196e+14
1095,14.25,NA,NA,0,0,0,0,0,0,0,0,0,0,0,0,0,0,0,0,0,0,0,0,0,0,0,0,0,0,0,0,0,0,0,0,0,0,0,0,0,0,0,0,0,0,0,0,0,0,0,0,0,0,0,0,0,0,0,0,0,0,0,0,0,0,0,0,0,5.596e+09,2.872e+11,2.627e+12,9.132e+12,1.061e+13,1.564e+13,1.544e+13,2.092e+13,2.57e+13,2.738e+13,2.824e+13,4.843e+13,4.442e+13,5.098e+13,5.624e+13,5.979e+13,7.962e+13,1.046e+14,1.311e+14,1.252e+14,1.358e+14,1.333e+14,1.385e+14,1.457e+14,1.324e+14,1.674e+14,1.731e+14,1.555e+14,1.777e+14,1.333e+14,1.731e+14,1.336e+14,2.469e+14,2.505e+14,2.571e+14,2.667e+14,2.68e+14,2.548e+14,2.341e+14,2.708e+14,2.775e+14,2.97e+14,3.148e+14,3.071e+14,3.149e+14,3.105e+14,3.08e+14,3.107e+14,3.185e+14,2.886e+14,3e+14,3.049e+14,2.898e+14,2.934e+14,2.906e+14,2.69e+14,2.759e+14,2.76e+14,2.897e+14,2.802e+14,2.802e+14,2.837e+14,2.842e+14,2.811e+14,2.733e+14,2.731e+14,2.71e+14,2.755e+14,2.713e+14,2.718e+14,2.623e+14,2.672e+14,2.604e+14,2.635e+14,2.608e+14,2.553e+14,2.596e+14,2.545e+14,2.554e+14,2.543e+14,2.519e+14,2.511e+14,2.486e+14,2.368e+14,2.441e+14,2.407e+14,2.383e+14,2.351e+14,2.305e+14,2.238e+14,2.195e+14
1110,14.5,NA,NA,0,0,0,0,0,0,0,0,0,0,0,0,0,0,0,0,0,0,0,0,0,0,0,0,0,0,0,0,0,0,0,0,0,0,0,0,0,0,0,0,0,0,0,0,0,0,0,0,0,0,0,0,0,0,0,0,0,0,0,0,0,0,0,0,0,5.129e+09,2.725e+11,2.542e+12,8.907e+12,1.037e+13,1.532e+13,1.515e+13,2.056e+13,2.53e+13,2.697e+13,2.786e+13,4.782e+13,4.389e+13,5.042e+13,5.564e+13,5.923e+13,7.899e+13,1.039e+14,1.303e+14,1.245e+14,1.351e+14,1.326e+14,1.379e+14,1.45e+14,1.319e+14,1.667e+14,1.724e+14,1.549e+14,1.771e+14,1.328e+14,1.726e+14,1.332e+14,2.461e+14,2.498e+14,2.564e+14,2.66e+14,2.674e+14,2.542e+14,2.336e+14,2.702e+14,2.769e+14,2.964e+14,3.142e+14,3.065e+14,3.143e+14,3.099e+14,3.074e+14,3.102e+14,3.179e+14,2.881e+14,2.995e+14,3.044e+14,2.894e+14,2.929e+14,2.901e+14,2.685e+14,2.755e+14,2.756e+14,2.893e+14,2.798e+14,2.798e+14,2.833e+14,2.838e+14,2.807e+14,2.729e+14,2.727e+14,2.707e+14,2.751e+14,2.709e+14,2.714e+14,2.62e+14,2.669e+14,2.6e+14,2.631e+14,2.604e+14,2.549e+14,2.592e+14,2.542e+14,2.551e+14,2.539e+14,2.516e+14,2.508e+14,2.483e+14,2.365e+14,2.439e+14,2.405e+14,2.38e+14,2.349e+14,2.303e+14,2.236e+14,2.193e+14
1125,14.75,NA,NA,0,0,0,0,0,0,0,0,0,0,0,0,0,0,0,0,0,0,0,0,0,0,0,0,0,0,0,0,0,0,0,0,0,0,0,0,0,0,0,0,0,0,0,0,0,0,0,0,0,0,0,0,0,0,0,0,0,0,0,0,0,0,0,0,0,4.54e+09,2.531e+11,2.427e+12,8.6e+12,1.004e+13,1.488e+13,1.475e+13,2.006e+13,2.474e+13,2.641e+13,2.733e+13,4.696e+13,4.316e+13,4.964e+13,5.481e+13,5.846e+13,7.812e+13,1.029e+14,1.292e+14,1.236e+14,1.341e+14,1.317e+14,1.37e+14,1.441e+14,1.311e+14,1.658e+14,1.714e+14,1.541e+14,1.762e+14,1.322e+14,1.718e+14,1.326e+14,2.451e+14,2.488e+14,2.554e+14,2.65e+14,2.664e+14,2.533e+14,2.328e+14,2.693e+14,2.76e+14,2.955e+14,3.133e+14,3.056e+14,3.134e+14,3.091e+14,3.066e+14,3.094e+14,3.171e+14,2.874e+14,2.988e+14,3.037e+14,2.887e+14,2.923e+14,2.895e+14,2.68e+14,2.749e+14,2.75e+14,2.887e+14,2.792e+14,2.792e+14,2.827e+14,2.832e+14,2.801e+14,2.724e+14,2.721e+14,2.701e+14,2.745e+14,2.703e+14,2.708e+14,2.614e+14,2.663e+14,2.595e+14,2.626e+14,2.599e+14,2.544e+14,2.587e+14,2.537e+14,2.546e+14,2.535e+14,2.512e+14,2.503e+14,2.478e+14,2.361e+14,2.434e+14,2.401e+14,2.376e+14,2.345e+14,2.299e+14,2.232e+14,2.189e+14
1140,15,NA,NA,0,0,0,0,0,0,0,0,0,0,0,0,0,0,0,0,0,0,0,0,0,0,0,0,0,0,0,0,0,0,0,0,0,0,0,0,0,0,0,0,0,0,0,0,0,0,0,0,0,0,0,0,0,0,0,0,0,0,0,0,0,0,0,0,0,3.875e+09,2.299e+11,2.286e+12,8.216e+12,9.623e+12,1.433e+13,1.424e+13,1.943e+13,2.403e+13,2.569e+13,2.666e+13,4.587e+13,4.223e+13,4.865e+13,5.375e+13,5.746e+13,7.699e+13,1.016e+14,1.278e+14,1.223e+14,1.328e+14,1.305e+14,1.358e+14,1.429e+14,1.3e+14,1.645e+14,1.702e+14,1.53e+14,1.75e+14,1.313e+14,1.707e+14,1.318e+14,2.437e+14,2.474e+14,2.541e+14,2.637e+14,2.651e+14,2.521e+14,2.318e+14,2.681e+14,2.749e+14,2.943e+14,3.12e+14,3.045e+14,3.123e+14,3.08e+14,3.055e+14,3.083e+14,3.16e+14,2.864e+14,2.978e+14,3.027e+14,2.878e+14,2.914e+14,2.886e+14,2.671e+14,2.741e+14,2.742e+14,2.878e+14,2.784e+14,2.784e+14,2.819e+14,2.823e+14,2.793e+14,2.715e+14,2.713e+14,2.693e+14,2.736e+14,2.695e+14,2.7e+14,2.607e+14,2.655e+14,2.587e+14,2.618e+14,2.591e+14,2.537e+14,2.58e+14,2.53e+14,2.539e+14,2.528e+14,2.505e+14,2.496e+14,2.472e+14,2.355e+14,2.429e+14,2.395e+14,2.371e+14,2.34e+14,2.294e+14,2.227e+14,2.184e+14
1155,15.25,NA,NA,0,0,0,0,0,0,0,0,0,0,0,0,0,0,0,0,0,0,0,0,0,0,0,0,0,0,0,0,0,0,0,0,0,0,0,0,0,0,0,0,0,0,0,0,0,0,0,0,0,0,0,0,0,0,0,0,0,0,0,0,0,0,0,0,0,3.18e+09,2.039e+11,2.121e+12,7.764e+12,9.132e+12,1.367e+13,1.364e+13,1.868e+13,2.317e+13,2.482e+13,2.585e+13,4.454e+13,4.109e+13,4.743e+13,5.246e+13,5.624e+13,7.56e+13,1.001e+14,1.26e+14,1.207e+14,1.312e+14,1.29e+14,1.343e+14,1.414e+14,1.288e+14,1.63e+14,1.686e+14,1.517e+14,1.736e+14,1.303e+14,1.694e+14,1.308e+14,2.419e+14,2.457e+14,2.524e+14,2.62e+14,2.635e+14,2.506e+14,2.304e+14,2.666e+14,2.733e+14,2.927e+14,3.104e+14,3.029e+14,3.107e+14,3.065e+14,3.041e+14,3.069e+14,3.146e+14,2.852e+14,2.965e+14,3.014e+14,2.866e+14,2.901e+14,2.874e+14,2.661e+14,2.73e+14,2.731e+14,2.866e+14,2.772e+14,2.772e+14,2.808e+14,2.812e+14,2.782e+14,2.705e+14,2.702e+14,2.682e+14,2.725e+14,2.684e+14,2.689e+14,2.596e+14,2.645e+14,2.576e+14,2.607e+14,2.581e+14,2.527e+14,2.571e+14,2.521e+14,2.53e+14,2.519e+14,2.496e+14,2.488e+14,2.464e+14,2.347e+14,2.421e+14,2.388e+14,2.363e+14,2.332e+14,2.286e+14,2.22e+14,2.177e+14
1170,15.5,NA,NA,0,0,0,0,0,0,0,0,0,0,0,0,0,0,0,0,0,0,0,0,0,0,0,0,0,0,0,0,0,0,0,0,0,0,0,0,0,0,0,0,0,0,0,0,0,0,0,0,0,0,0,0,0,0,0,0,0,0,0,0,0,0,0,0,0,2.503e+09,1.764e+11,1.937e+12,7.246e+12,8.568e+12,1.291e+13,1.294e+13,1.78e+13,2.217e+13,2.381e+13,2.49e+13,4.298e+13,3.975e+13,4.6e+13,5.092e+13,5.479e+13,7.395e+13,9.821e+13,1.239e+14,1.189e+14,1.293e+14,1.272e+14,1.325e+14,1.396e+14,1.272e+14,1.61e+14,1.667e+14,1.5e+14,1.717e+14,1.29e+14,1.677e+14,1.296e+14,2.397e+14,2.435e+14,2.502e+14,2.598e+14,2.614e+14,2.487e+14,2.287e+14,2.647e+14,2.714e+14,2.907e+14,3.083e+14,3.01e+14,3.087e+14,3.046e+14,3.023e+14,3.051e+14,3.128e+14,2.835e+14,2.948e+14,2.998e+14,2.85e+14,2.885e+14,2.858e+14,2.646e+14,2.715e+14,2.716e+14,2.851e+14,2.757e+14,2.757e+14,2.793e+14,2.797e+14,2.767e+14,2.69e+14,2.687e+14,2.667e+14,2.711e+14,2.67e+14,2.676e+14,2.583e+14,2.631e+14,2.563e+14,2.593e+14,2.568e+14,2.515e+14,2.558e+14,2.508e+14,2.518e+14,2.507e+14,2.484e+14,2.476e+14,2.452e+14,2.336e+14,2.41e+14,2.377e+14,2.353e+14,2.322e+14,2.277e+14,2.21e+14,2.168e+14
1185,15.75,NA,NA,0,0,0,0,0,0,0,0,0,0,0,0,0,0,0,0,0,0,0,0,0,0,0,0,0,0,0,0,0,0,0,0,0,0,0,0,0,0,0,0,0,0,0,0,0,0,0,0,0,0,0,0,0,0,0,0,0,0,0,0,0,0,0,0,0,1.881e+09,1.483e+11,1.738e+12,6.674e+12,7.941e+12,1.206e+13,1.215e+13,1.68e+13,2.103e+13,2.265e+13,2.381e+13,4.118e+13,3.821e+13,4.433e+13,4.914e+13,5.31e+13,7.201e+13,9.602e+13,1.214e+14,1.166e+14,1.27e+14,1.251e+14,1.304e+14,1.375e+14,1.253e+14,1.587e+14,1.644e+14,1.48e+14,1.695e+14,1.274e+14,1.657e+14,1.281e+14,2.371e+14,2.409e+14,2.476e+14,2.572e+14,2.588e+14,2.463e+14,2.266e+14,2.623e+14,2.69e+14,2.882e+14,3.058e+14,2.985e+14,3.063e+14,3.022e+14,2.999e+14,3.028e+14,3.104e+14,2.814e+14,2.927e+14,2.976e+14,2.83e+14,2.865e+14,2.838e+14,2.628e+14,2.697e+14,2.698e+14,2.831e+14,2.738e+14,2.739e+14,2.774e+14,2.778e+14,2.748e+14,2.672e+14,2.669e+14,2.649e+14,2.692e+14,2.652e+14,2.657e+14,2.565e+14,2.613e+14,2.545e+14,2.576e+14,2.55e+14,2.498e+14,2.541e+14,2.492e+14,2.502e+14,2.491e+14,2.469e+14,2.461e+14,2.437e+14,2.323e+14,2.396e+14,2.363e+14,2.339e+14,2.309e+14,2.264e+14,2.198e+14,2.156e+14
1200,16,NA,NA,0,0,0,0,0,0,0,0,0,0,0,0,0,0,0,0,0,0,0,0,0,0,0,0,0,0,0,0,0,0,0,0,0,0,0,0,0,0,0,0,0,0,0,0,0,0,0,0,0,0,0,0,0,0,0,0,0,0,0,0,0,0,0,0,0,1.344e+09,1.209e+11,1.53e+12,6.057e+12,7.26e+12,1.113e+13,1.128e+13,1.569e+13,1.976e+13,2.135e+13,2.258e+13,3.916e+13,3.646e+13,4.245e+13,4.712e+13,5.117e+13,6.979e+13,9.348e+13,1.185e+14,1.14e+14,1.243e+14,1.226e+14,1.279e+14,1.349e+14,1.231e+14,1.56e+14,1.617e+14,1.457e+14,1.669e+14,1.255e+14,1.634e+14,1.263e+14,2.339e+14,2.378e+14,2.445e+14,2.54e+14,2.557e+14,2.434e+14,2.24e+14,2.594e+14,2.661e+14,2.851e+14,3.026e+14,2.955e+14,3.032e+14,2.992e+14,2.97e+14,2.999e+14,3.075e+14,2.788e+14,2.901e+14,2.95e+14,2.805e+14,2.839e+14,2.813e+14,2.605e+14,2.673e+14,2.674e+14,2.806e+14,2.715e+14,2.715e+14,2.75e+14,2.754e+14,2.724e+14,2.649e+14,2.645e+14,2.625e+14,2.668e+14,2.629e+14,2.635e+14,2.543e+14,2.591e+14,2.523e+14,2.553e+14,2.529e+14,2.477e+14,2.52e+14,2.472e+14,2.482e+14,2.471e+14,2.45e+14,2.442e+14,2.419e+14,2.305e+14,2.378e+14,2.346e+14,2.322e+14,2.292e+14,2.247e+14,2.182e+14,2.14e+14
1215,16.25,NA,NA,0,0,0,0,0,0,0,0,0,0,0,0,0,0,0,0,0,0,0,0,0,0,0,0,0,0,0,0,0,0,0,0,0,0,0,0,0,0,0,0,0,0,0,0,0,0,0,0,0,0,0,0,0,0,0,0,0,0,0,0,0,0,0,0,0,905100000,9.513e+10,1.317e+12,5.376e+12,6.527e+12,1.01e+13,1.034e+13,1.45e+13,1.831e+13,1.986e+13,2.117e+13,3.679e+13,3.442e+13,4.024e+13,4.469e+13,4.889e+13,6.715e+13,9.045e+13,1.15e+14,1.109e+14,1.211e+14,1.196e+14,1.248e+14,1.318e+14,1.203e+14,1.527e+14,1.584e+14,1.427e+14,1.637e+14,1.231e+14,1.604e+14,1.241e+14,2.298e+14,2.338e+14,2.405e+14,2.5e+14,2.517e+14,2.397e+14,2.207e+14,2.556e+14,2.623e+14,2.812e+14,2.985e+14,2.915e+14,2.992e+14,2.954e+14,2.933e+14,2.962e+14,3.037e+14,2.754e+14,2.865e+14,2.914e+14,2.771e+14,2.805e+14,2.78e+14,2.575e+14,2.642e+14,2.643e+14,2.773e+14,2.683e+14,2.683e+14,2.718e+14,2.722e+14,2.693e+14,2.618e+14,2.614e+14,2.594e+14,2.637e+14,2.598e+14,2.604e+14,2.514e+14,2.56e+14,2.493e+14,2.523e+14,2.499e+14,2.449e+14,2.492e+14,2.444e+14,2.454e+14,2.444e+14,2.423e+14,2.416e+14,2.393e+14,2.281e+14,2.354e+14,2.322e+14,2.299e+14,2.27e+14,2.225e+14,2.161e+14,2.119e+14
1230,16.5,NA,NA,0,0,0,0,0,0,0,0,0,0,0,0,0,0,0,0,0,0,0,0,0,0,0,0,0,0,0,0,0,0,0,0,0,0,0,0,0,0,0,0,0,0,0,0,0,0,0,0,0,0,0,0,0,0,0,0,0,0,0,0,0,0,0,0,0,570100000,7.167e+10,1.102e+12,4.718e+12,5.763e+12,9.05e+12,9.311e+12,1.317e+13,1.684e+13,1.835e+13,1.97e+13,3.439e+13,3.23e+13,3.795e+13,4.228e+13,4.65e+13,6.434e+13,8.719e+13,1.112e+14,1.075e+14,1.176e+14,1.162e+14,1.215e+14,1.284e+14,1.173e+14,1.49e+14,1.547e+14,1.395e+14,1.601e+14,1.205e+14,1.571e+14,1.216e+14,2.254e+14,2.294e+14,2.361e+14,2.455e+14,2.473e+14,2.356e+14,2.17e+14,2.514e+14,2.581e+14,2.768e+14,2.939e+14,2.871e+14,2.948e+14,2.911e+14,2.89e+14,2.92e+14,2.994e+14,2.716e+14,2.826e+14,2.875e+14,2.734e+14,2.767e+14,2.743e+14,2.54e+14,2.607e+14,2.608e+14,2.736e+14,2.647e+14,2.648e+14,2.682e+14,2.686e+14,2.657e+14,2.583e+14,2.579e+14,2.559e+14,2.601e+14,2.563e+14,2.57e+14,2.481e+14,2.527e+14,2.46e+14,2.49e+14,2.467e+14,2.417e+14,2.46e+14,2.413e+14,2.424e+14,2.414e+14,2.394e+14,2.387e+14,2.364e+14,2.254e+14,2.326e+14,2.295e+14,2.273e+14,2.244e+14,2.2e+14,2.136e+14,2.095e+14
1245,16.75,NA,NA,0,0,0,0,0,0,0,0,0,0,0,0,0,0,0,0,0,0,0,0,0,0,0,0,0,0,0,0,0,0,0,0,0,0,0,0,0,0,0,0,0,0,0,0,0,0,0,0,0,0,0,0,0,0,0,0,0,0,0,0,0,0,0,0,0,339200000,5.214e+10,9.019e+11,4.052e+12,5.007e+12,7.976e+12,8.284e+12,1.184e+13,1.527e+13,1.672e+13,1.812e+13,3.176e+13,3e+13,3.543e+13,3.957e+13,4.386e+13,6.121e+13,8.354e+13,1.069e+14,1.037e+14,1.136e+14,1.125e+14,1.177e+14,1.246e+14,1.139e+14,1.448e+14,1.505e+14,1.358e+14,1.56e+14,1.175e+14,1.533e+14,1.188e+14,2.202e+14,2.242e+14,2.309e+14,2.403e+14,2.422e+14,2.308e+14,2.127e+14,2.465e+14,2.532e+14,2.716e+14,2.884e+14,2.819e+14,2.895e+14,2.859e+14,2.84e+14,2.869e+14,2.943e+14,2.67e+14,2.779e+14,2.827e+14,2.689e+14,2.722e+14,2.698e+14,2.499e+14,2.565e+14,2.566e+14,2.692e+14,2.604e+14,2.605e+14,2.638e+14,2.643e+14,2.614e+14,2.541e+14,2.537e+14,2.518e+14,2.559e+14,2.522e+14,2.528e+14,2.441e+14,2.486e+14,2.42e+14,2.45e+14,2.427e+14,2.379e+14,2.421e+14,2.376e+14,2.386e+14,2.377e+14,2.358e+14,2.351e+14,2.329e+14,2.221e+14,2.293e+14,2.263e+14,2.241e+14,2.213e+14,2.169e+14,2.106e+14,2.066e+14
1260,17,NA,NA,0,0,0,0,0,0,0,0,0,0,0,0,0,0,0,0,0,0,0,0,0,0,0,0,0,0,0,0,0,0,0,0,0,0,0,0,0,0,0,0,0,0,0,0,0,0,0,0,0,0,0,0,0,0,0,0,0,0,0,0,0,0,0,0,0,186800000,3.61e+10,7.158e+11,3.399e+12,4.257e+12,6.898e+12,7.243e+12,1.047e+13,1.365e+13,1.504e+13,1.648e+13,2.901e+13,2.758e+13,3.277e+13,3.669e+13,4.103e+13,5.784e+13,7.959e+13,1.023e+14,9.956e+13,1.093e+14,1.084e+14,1.135e+14,1.203e+14,1.101e+14,1.402e+14,1.458e+14,1.317e+14,1.514e+14,1.142e+14,1.49e+14,1.156e+14,2.144e+14,2.185e+14,2.251e+14,2.344e+14,2.364e+14,2.254e+14,2.078e+14,2.41e+14,2.476e+14,2.657e+14,2.823e+14,2.76e+14,2.835e+14,2.801e+14,2.783e+14,2.812e+14,2.885e+14,2.618e+14,2.725e+14,2.773e+14,2.637e+14,2.67e+14,2.647e+14,2.452e+14,2.517e+14,2.518e+14,2.641e+14,2.555e+14,2.556e+14,2.588e+14,2.593e+14,2.565e+14,2.493e+14,2.488e+14,2.469e+14,2.509e+14,2.474e+14,2.481e+14,2.395e+14,2.439e+14,2.374e+14,2.403e+14,2.381e+14,2.335e+14,2.377e+14,2.333e+14,2.343e+14,2.335e+14,2.316e+14,2.31e+14,2.289e+14,2.183e+14,2.254e+14,2.225e+14,2.204e+14,2.176e+14,2.134e+14,2.072e+14,2.033e+14
1275,17.25,NA,NA,0,0,0,0,0,0,0,0,0,0,0,0,0,0,0,0,0,0,0,0,0,0,0,0,0,0,0,0,0,0,0,0,0,0,0,0,0,0,0,0,0,0,0,0,0,0,0,0,0,0,0,0,0,0,0,0,0,0,0,0,0,0,0,0,0,94540000,2.353e+10,5.457e+11,2.764e+12,3.516e+12,5.811e+12,6.18e+12,9.055e+12,1.195e+13,1.326e+13,1.472e+13,2.605e+13,2.495e+13,2.987e+13,3.354e+13,3.791e+13,5.407e+13,7.512e+13,9.708e+13,9.479e+13,1.043e+14,1.036e+14,1.087e+14,1.154e+14,1.058e+14,1.348e+14,1.403e+14,1.269e+14,1.461e+14,1.102e+14,1.44e+14,1.118e+14,2.076e+14,2.116e+14,2.182e+14,2.274e+14,2.294e+14,2.189e+14,2.019e+14,2.343e+14,2.409e+14,2.585e+14,2.748e+14,2.688e+14,2.762e+14,2.73e+14,2.713e+14,2.743e+14,2.814e+14,2.554e+14,2.659e+14,2.707e+14,2.574e+14,2.606e+14,2.585e+14,2.395e+14,2.458e+14,2.459e+14,2.579e+14,2.495e+14,2.496e+14,2.528e+14,2.532e+14,2.505e+14,2.434e+14,2.429e+14,2.41e+14,2.45e+14,2.415e+14,2.422e+14,2.339e+14,2.382e+14,2.318e+14,2.346e+14,2.326e+14,2.281e+14,2.323e+14,2.28e+14,2.291e+14,2.283e+14,2.265e+14,2.26e+14,2.24e+14,2.137e+14,2.207e+14,2.179e+14,2.158e+14,2.132e+14,2.091e+14,2.03e+14,1.992e+14
1290,17.5,NA,NA,0,0,0,0,0,0,0,0,0,0,0,0,0,0,0,0,0,0,0,0,0,0,0,0,0,0,0,0,0,0,0,0,0,0,0,0,0,0,0,0,0,0,0,0,0,0,0,0,0,0,0,0,0,0,0,0,0,0,0,0,0,0,0,0,0,44460000,1.439e+10,3.984e+11,2.174e+12,2.815e+12,4.761e+12,5.139e+12,7.649e+12,1.024e+13,1.146e+13,1.291e+13,2.299e+13,2.221e+13,2.682e+13,3.022e+13,3.458e+13,5e+13,7.024e+13,9.13e+13,8.953e+13,9.879e+13,9.833e+13,1.033e+14,1.098e+14,1.008e+14,1.287e+14,1.342e+14,1.215e+14,1.4e+14,1.057e+14,1.383e+14,1.075e+14,1.997e+14,2.038e+14,2.104e+14,2.193e+14,2.215e+14,2.115e+14,1.952e+14,2.266e+14,2.331e+14,2.503e+14,2.662e+14,2.605e+14,2.678e+14,2.648e+14,2.633e+14,2.662e+14,2.731e+14,2.48e+14,2.583e+14,2.63e+14,2.501e+14,2.532e+14,2.512e+14,2.328e+14,2.39e+14,2.39e+14,2.506e+14,2.425e+14,2.426e+14,2.457e+14,2.461e+14,2.435e+14,2.366e+14,2.361e+14,2.342e+14,2.38e+14,2.347e+14,2.355e+14,2.274e+14,2.315e+14,2.253e+14,2.28e+14,2.261e+14,2.219e+14,2.26e+14,2.219e+14,2.23e+14,2.223e+14,2.206e+14,2.202e+14,2.183e+14,2.083e+14,2.152e+14,2.125e+14,2.106e+14,2.08e+14,2.04e+14,1.981e+14,1.944e+14
1305,17.75,NA,NA,0,0,0,0,0,0,0,0,0,0,0,0,0,0,0,0,0,0,0,0,0,0,0,0,0,0,0,0,0,0,0,0,0,0,0,0,0,0,0,0,0,0,0,0,0,0,0,0,0,0,0,0,0,0,0,0,0,0,0,0,0,0,0,0,0,20050000,8.215e+09,2.764e+11,1.643e+12,2.172e+12,3.773e+12,4.143e+12,6.281e+12,8.552e+12,9.661e+12,1.107e+13,1.987e+13,1.939e+13,2.365e+13,2.676e+13,3.107e+13,4.565e+13,6.495e+13,8.5e+13,8.375e+13,9.27e+13,9.249e+13,9.736e+13,1.037e+14,9.537e+13,1.219e+14,1.273e+14,1.154e+14,1.332e+14,1.007e+14,1.319e+14,1.026e+14,1.909e+14,1.95e+14,2.014e+14,2.102e+14,2.125e+14,2.03e+14,1.875e+14,2.178e+14,2.242e+14,2.409e+14,2.564e+14,2.51e+14,2.581e+14,2.553e+14,2.54e+14,2.57e+14,2.637e+14,2.395e+14,2.496e+14,2.541e+14,2.417e+14,2.447e+14,2.428e+14,2.251e+14,2.311e+14,2.311e+14,2.423e+14,2.344e+14,2.346e+14,2.376e+14,2.38e+14,2.355e+14,2.287e+14,2.282e+14,2.263e+14,2.3e+14,2.269e+14,2.277e+14,2.199e+14,2.238e+14,2.178e+14,2.205e+14,2.187e+14,2.147e+14,2.188e+14,2.149e+14,2.16e+14,2.154e+14,2.138e+14,2.134e+14,2.116e+14,2.021e+14,2.088e+14,2.063e+14,2.045e+14,2.021e+14,1.982e+14,1.925e+14,1.889e+14
1320,18,NA,NA,0,0,0,0,0,0,0,0,0,0,0,0,0,0,0,0,0,0,0,0,0,0,0,0,0,0,0,0,0,0,0,0,0,0,0,0,0,0,0,0,0,0,0,0,0,0,0,0,0,0,0,0,0,0,0,0,0,0,0,0,0,0,0,0,0,9370000,4.382e+09,1.808e+11,1.184e+12,1.604e+12,2.873e+12,3.219e+12,4.986e+12,6.924e+12,7.91e+12,9.253e+12,1.675e+13,1.654e+13,2.041e+13,2.321e+13,2.741e+13,4.103e+13,5.927e+13,7.818e+13,7.745e+13,8.603e+13,8.608e+13,9.08e+13,9.692e+13,8.931e+13,1.143e+14,1.196e+14,1.087e+14,1.255e+14,9.508e+13,1.247e+14,9.71e+13,1.809e+14,1.85e+14,1.913e+14,1.999e+14,2.022e+14,1.934e+14,1.788e+14,2.079e+14,2.141e+14,2.302e+14,2.452e+14,2.402e+14,2.471e+14,2.446e+14,2.434e+14,2.464e+14,2.529e+14,2.298e+14,2.395e+14,2.44e+14,2.321e+14,2.349e+14,2.332e+14,2.162e+14,2.22e+14,2.22e+14,2.327e+14,2.252e+14,2.254e+14,2.282e+14,2.287e+14,2.262e+14,2.197e+14,2.191e+14,2.173e+14,2.209e+14,2.18e+14,2.188e+14,2.114e+14,2.151e+14,2.092e+14,2.118e+14,2.102e+14,2.065e+14,2.105e+14,2.068e+14,2.08e+14,2.075e+14,2.061e+14,2.057e+14,2.041e+14,1.949e+14,2.016e+14,1.993e+14,1.976e+14,1.953e+14,1.916e+14,1.861e+14,1.827e+14
1335,18.25,NA,NA,0,0,0,0,0,0,0,0,0,0,0,0,0,0,0,0,0,0,0,0,0,0,0,0,0,0,0,0,0,0,0,0,0,0,0,0,0,0,0,0,0,0,0,0,0,0,0,0,0,0,0,0,0,0,0,0,0,0,0,0,0,0,0,0,0,5036000,2.224e+09,1.106e+11,8.065e+11,1.123e+12,2.085e+12,2.391e+12,3.798e+12,5.398e+12,6.248e+12,7.488e+12,1.369e+13,1.372e+13,1.717e+13,1.963e+13,2.365e+13,3.62e+13,5.323e+13,7.086e+13,7.065e+13,7.88e+13,7.909e+13,8.362e+13,8.947e+13,8.263e+13,1.06e+14,1.111e+14,1.011e+14,1.171e+14,8.88e+13,1.166e+14,9.096e+13,1.697e+14,1.738e+14,1.8e+14,1.882e+14,1.907e+14,1.826e+14,1.689e+14,1.966e+14,2.027e+14,2.181e+14,2.325e+14,2.279e+14,2.346e+14,2.324e+14,2.314e+14,2.343e+14,2.406e+14,2.187e+14,2.281e+14,2.325e+14,2.212e+14,2.238e+14,2.223e+14,2.062e+14,2.117e+14,2.117e+14,2.219e+14,2.147e+14,2.149e+14,2.176e+14,2.18e+14,2.157e+14,2.095e+14,2.088e+14,2.071e+14,2.105e+14,2.078e+14,2.087e+14,2.016e+14,2.052e+14,1.995e+14,2.02e+14,2.006e+14,1.971e+14,2.011e+14,1.976e+14,1.989e+14,1.985e+14,1.972e+14,1.97e+14,1.955e+14,1.869e+14,1.934e+14,1.912e+14,1.897e+14,1.876e+14,1.841e+14,1.789e+14,1.756e+14
1350,18.5,NA,NA,0,0,0,0,0,0,0,0,0,0,0,0,0,0,0,0,0,0,0,0,0,0,0,0,0,0,0,0,0,0,0,0,0,0,0,0,0,0,0,0,0,0,0,0,0,0,0,0,0,0,0,0,0,0,0,0,0,0,0,0,0,0,0,0,0,3238000,1.129e+09,6.296e+10,5.142e+11,7.384e+11,1.428e+12,1.682e+12,2.751e+12,4.018e+12,4.724e+12,5.825e+12,1.078e+13,1.099e+13,1.398e+13,1.609e+13,1.986e+13,3.121e+13,4.688e+13,6.308e+13,6.337e+13,7.101e+13,7.153e+13,7.582e+13,8.136e+13,7.533e+13,9.688e+13,1.018e+14,9.282e+13,1.077e+14,8.183e+13,1.077e+14,8.413e+13,1.572e+14,1.613e+14,1.673e+14,1.752e+14,1.777e+14,1.703e+14,1.578e+14,1.839e+14,1.898e+14,2.044e+14,2.181e+14,2.14e+14,2.204e+14,2.185e+14,2.178e+14,2.207e+14,2.266e+14,2.061e+14,2.152e+14,2.194e+14,2.087e+14,2.112e+14,2.099e+14,1.948e+14,2.001e+14,2e+14,2.095e+14,2.028e+14,2.031e+14,2.056e+14,2.06e+14,2.039e+14,1.978e+14,1.972e+14,1.955e+14,1.987e+14,1.963e+14,1.972e+14,1.906e+14,1.939e+14,1.884e+14,1.908e+14,1.897e+14,1.866e+14,1.904e+14,1.873e+14,1.886e+14,1.883e+14,1.872e+14,1.871e+14,1.858e+14,1.777e+14,1.841e+14,1.822e+14,1.808e+14,1.789e+14,1.757e+14,1.707e+14,1.677e+14
1365,18.75,NA,NA,0,0,0,0,0,0,0,0,0,0,0,0,0,0,0,0,0,0,0,0,0,0,0,0,0,0,0,0,0,0,0,0,0,0,0,0,0,0,0,0,0,0,0,0,0,0,0,0,0,0,0,0,0,0,0,0,0,0,0,0,0,0,0,0,0,2351000,621300000,3.361e+10,3.041e+11,4.51e+11,9.12e+11,1.108e+12,1.873e+12,2.825e+12,3.382e+12,4.315e+12,8.098e+12,8.425e+12,1.093e+13,1.268e+13,1.612e+13,2.615e+13,4.029e+13,5.491e+13,5.566e+13,6.27e+13,6.342e+13,6.743e+13,7.258e+13,6.74e+13,8.692e+13,9.155e+13,8.371e+13,9.732e+13,7.415e+13,9.779e+13,7.656e+13,1.434e+14,1.473e+14,1.531e+14,1.606e+14,1.632e+14,1.567e+14,1.453e+14,1.696e+14,1.752e+14,1.89e+14,2.019e+14,1.983e+14,2.044e+14,2.029e+14,2.024e+14,2.052e+14,2.109e+14,1.919e+14,2.005e+14,2.045e+14,1.947e+14,1.97e+14,1.959e+14,1.818e+14,1.868e+14,1.868e+14,1.956e+14,1.893e+14,1.896e+14,1.92e+14,1.924e+14,1.904e+14,1.847e+14,1.84e+14,1.825e+14,1.855e+14,1.833e+14,1.843e+14,1.782e+14,1.812e+14,1.76e+14,1.783e+14,1.774e+14,1.747e+14,1.784e+14,1.756e+14,1.769e+14,1.768e+14,1.76e+14,1.76e+14,1.749e+14,1.674e+14,1.736e+14,1.72e+14,1.708e+14,1.692e+14,1.662e+14,1.615e+14,1.587e+14
1380,19,NA,NA,0,0,0,0,0,0,0,0,0,0,0,0,0,0,0,0,0,0,0,0,0,0,0,0,0,0,0,0,0,0,0,0,0,0,0,0,0,0,0,0,0,0,0,0,0,0,0,0,0,0,0,0,0,0,0,0,0,0,0,0,0,0,0,0,0,1802000,392200000,1.741e+10,1.665e+11,2.542e+11,5.375e+11,6.743e+11,1.184e+12,1.851e+12,2.262e+12,3.005e+12,5.736e+12,6.115e+12,8.129e+12,9.522e+12,1.254e+13,2.114e+13,3.359e+13,4.648e+13,4.761e+13,5.397e+13,5.484e+13,5.849e+13,6.319e+13,5.887e+13,7.617e+13,8.047e+13,7.379e+13,8.603e+13,6.572e+13,8.69e+13,6.82e+13,1.28e+14,1.319e+14,1.373e+14,1.444e+14,1.47e+14,1.414e+14,1.314e+14,1.536e+14,1.589e+14,1.717e+14,1.837e+14,1.807e+14,1.864e+14,1.852e+14,1.85e+14,1.878e+14,1.93e+14,1.759e+14,1.839e+14,1.877e+14,1.787e+14,1.808e+14,1.8e+14,1.672e+14,1.718e+14,1.718e+14,1.798e+14,1.74e+14,1.744e+14,1.766e+14,1.77e+14,1.752e+14,1.699e+14,1.692e+14,1.677e+14,1.705e+14,1.686e+14,1.697e+14,1.641e+14,1.669e+14,1.62e+14,1.641e+14,1.635e+14,1.612e+14,1.649e+14,1.624e+14,1.638e+14,1.639e+14,1.633e+14,1.634e+14,1.625e+14,1.558e+14,1.618e+14,1.605e+14,1.596e+14,1.582e+14,1.555e+14,1.512e+14,1.487e+14
1395,19.25,NA,NA,0,0,0,0,0,0,0,0,0,0,0,0,0,0,0,0,0,0,0,0,0,0,0,0,0,0,0,0,0,0,0,0,0,0,0,0,0,0,0,0,0,0,0,0,0,0,0,0,0,0,0,0,0,0,0,0,0,0,0,0,0,0,0,0,0,1412000,2.77e+08,9.405e+09,8.579e+10,1.333e+11,2.913e+11,3.761e+11,6.85e+11,1.113e+12,1.392e+12,1.941e+12,3.773e+12,4.141e+12,5.667e+12,6.714e+12,9.231e+12,1.634e+13,2.693e+13,3.794e+13,3.931e+13,4.488e+13,4.571e+13,4.909e+13,5.317e+13,4.97e+13,6.449e+13,6.839e+13,6.288e+13,7.358e+13,5.636e+13,7.473e+13,5.896e+13,1.109e+14,1.146e+14,1.196e+14,1.262e+14,1.289e+14,1.242e+14,1.158e+14,1.357e+14,1.407e+14,1.522e+14,1.632e+14,1.608e+14,1.661e+14,1.653e+14,1.653e+14,1.681e+14,1.729e+14,1.577e+14,1.651e+14,1.687e+14,1.607e+14,1.626e+14,1.62e+14,1.506e+14,1.548e+14,1.547e+14,1.619e+14,1.567e+14,1.572e+14,1.591e+14,1.595e+14,1.58e+14,1.531e+14,1.523e+14,1.509e+14,1.535e+14,1.52e+14,1.531e+14,1.482e+14,1.506e+14,1.461e+14,1.482e+14,1.478e+14,1.459e+14,1.496e+14,1.475e+14,1.49e+14,1.492e+14,1.488e+14,1.492e+14,1.486e+14,1.427e+14,1.485e+14,1.475e+14,1.469e+14,1.458e+14,1.434e+14,1.396e+14,1.374e+14
1410,19.5,NA,NA,0,0,0,0,0,0,0,0,0,0,0,0,0,0,0,0,0,0,0,0,0,0,0,0,0,0,0,0,0,0,0,0,0,0,0,0,0,0,0,0,0,0,0,0,0,0,0,0,0,0,0,0,0,0,0,0,0,0,0,0,0,0,0,0,0,1115000,205900000,5.677e+09,4.469e+10,6.791e+10,1.481e+11,1.937e+11,3.615e+11,6.085e+11,7.778e+11,1.137e+12,2.262e+12,2.567e+12,3.637e+12,4.367e+12,6.334e+12,1.187e+13,2.054e+13,2.961e+13,3.116e+13,3.585e+13,3.683e+13,3.956e+13,4.309e+13,4.045e+13,5.273e+13,5.61e+13,5.181e+13,6.082e+13,4.678e+13,6.226e+13,4.918e+13,9.289e+13,9.626e+13,1.008e+14,1.066e+14,1.091e+14,1.055e+14,9.852e+13,1.157e+14,1.202e+14,1.305e+14,1.401e+14,1.384e+14,1.432e+14,1.429e+14,1.431e+14,1.458e+14,1.5e+14,1.37e+14,1.438e+14,1.471e+14,1.401e+14,1.417e+14,1.415e+14,1.317e+14,1.355e+14,1.353e+14,1.415e+14,1.37e+14,1.375e+14,1.393e+14,1.396e+14,1.383e+14,1.34e+14,1.332e+14,1.319e+14,1.342e+14,1.331e+14,1.343e+14,1.301e+14,1.322e+14,1.281e+14,1.299e+14,1.3e+14,1.287e+14,1.321e+14,1.305e+14,1.32e+14,1.325e+14,1.324e+14,1.329e+14,1.326e+14,1.277e+14,1.332e+14,1.327e+14,1.324e+14,1.316e+14,1.297e+14,1.264e+14,1.246e+14
1425,19.75,NA,NA,0,0,0,0,0,0,0,0,0,0,0,0,0,0,0,0,0,0,0,0,0,0,0,0,0,0,0,0,0,0,0,0,0,0,0,0,0,0,0,0,0,0,0,0,0,0,0,0,0,0,0,0,0,0,0,0,0,0,0,0,0,0,0,0,0,878700,155300000,3.8e+09,2.521e+10,3.641e+10,7.514e+10,9.598e+10,1.778e+11,3.023e+11,3.919e+11,5.965e+11,1.212e+12,1.424e+12,2.096e+12,2.556e+12,3.949e+12,7.967e+12,1.464e+13,2.17e+13,2.326e+13,2.7e+13,2.789e+13,3.004e+13,3.286e+13,3.096e+13,4.051e+13,4.327e+13,4.01e+13,4.726e+13,3.649e+13,4.875e+13,3.865e+13,7.328e+13,7.623e+13,8.012e+13,8.502e+13,8.732e+13,8.47e+13,7.94e+13,9.354e+13,9.75e+13,1.061e+14,1.143e+14,1.132e+14,1.174e+14,1.174e+14,1.179e+14,1.203e+14,1.24e+14,1.135e+14,1.193e+14,1.223e+14,1.165e+14,1.178e+14,1.178e+14,1.098e+14,1.131e+14,1.13e+14,1.179e+14,1.143e+14,1.148e+14,1.163e+14,1.166e+14,1.156e+14,1.119e+14,1.111e+14,1.1e+14,1.119e+14,1.112e+14,1.125e+14,1.091e+14,1.108e+14,1.072e+14,1.089e+14,1.092e+14,1.086e+14,1.118e+14,1.107e+14,1.123e+14,1.13e+14,1.132e+14,1.139e+14,1.14e+14,1.102e+14,1.154e+14,1.153e+14,1.153e+14,1.15e+14,1.136e+14,1.109e+14,1.095e+14
1440,20,NA,NA,0,0,0,0,0,0,0,0,0,0,0,0,0,0,0,0,0,0,0,0,0,0,0,0,0,0,0,0,0,0,0,0,0,0,0,0,0,0,0,0,0,0,0,0,0,0,0,0,0,0,0,0,0,0,0,0,0,0,0,0,0,0,0,0,0,684900,115900000,2.649e+09,1.58e+10,2.177e+10,4.162e+10,5.04e+10,8.852e+10,1.453e+11,1.861e+11,2.84e+11,5.823e+11,7.007e+11,1.068e+12,1.321e+12,2.189e+12,4.827e+12,9.586e+12,1.473e+13,1.614e+13,1.892e+13,1.966e+13,2.121e+13,2.327e+13,2.199e+13,2.885e+13,3.091e+13,2.874e+13,3.397e+13,2.632e+13,3.529e+13,2.809e+13,5.346e+13,5.582e+13,5.89e+13,6.275e+13,6.469e+13,6.299e+13,5.927e+13,7.009e+13,7.331e+13,8.006e+13,8.656e+13,8.6e+13,8.937e+13,8.97e+13,9.038e+13,9.248e+13,9.534e+13,8.749e+13,9.229e+13,9.48e+13,9.035e+13,9.128e+13,9.158e+13,8.553e+13,8.817e+13,8.8e+13,9.169e+13,8.887e+13,8.947e+13,9.061e+13,9.093e+13,9.02e+13,8.713e+13,8.635e+13,8.544e+13,8.699e+13,8.677e+13,8.808e+13,8.556e+13,8.677e+13,8.384e+13,8.523e+13,8.594e+13,8.585e+13,8.877e+13,8.824e+13,8.983e+13,9.079e+13,9.135e+13,9.225e+13,9.264e+13,9.004e+13,9.488e+13,9.53e+13,9.575e+13,9.591e+13,9.499e+13,9.302e+13,9.211e+13
1455,20.25,NA,NA,0,0,0,0,0,0,0,0,0,0,0,0,0,0,0,0,0,0,0,0,0,0,0,0,0,0,0,0,0,0,0,0,0,0,0,0,0,0,0,0,0,0,0,0,0,0,0,0,0,0,0,0,0,0,0,0,0,0,0,0,0,0,0,0,0,515800,84100000,1.812e+09,1.018e+10,1.366e+10,2.483e+10,2.874e+10,4.74e+10,7.283e+10,8.977e+10,1.289e+11,2.596e+11,3.085e+11,4.729e+11,5.884e+11,1.029e+12,2.505e+12,5.505e+12,8.888e+12,1.005e+13,1.193e+13,1.247e+13,1.344e+13,1.478e+13,1.398e+13,1.836e+13,1.969e+13,1.833e+13,2.171e+13,1.685e+13,2.264e+13,1.806e+13,3.446e+13,3.608e+13,3.818e+13,4.08e+13,4.22e+13,4.122e+13,3.893e+13,4.619e+13,4.846e+13,5.31e+13,5.761e+13,5.743e+13,5.979e+13,6.023e+13,6.089e+13,6.247e+13,6.44e+13,5.926e+13,6.274e+13,6.459e+13,6.153e+13,6.202e+13,6.245e+13,5.847e+13,6.032e+13,6.009e+13,6.238e+13,6.046e+13,6.1e+13,6.174e+13,6.198e+13,6.152e+13,5.925e+13,5.852e+13,5.782e+13,5.89e+13,5.905e+13,6.025e+13,5.868e+13,5.94e+13,5.722e+13,5.829e+13,5.921e+13,5.964e+13,6.209e+13,6.207e+13,6.358e+13,6.466e+13,6.549e+13,6.651e+13,6.72e+13,6.588e+13,7.009e+13,7.099e+13,7.183e+13,7.245e+13,7.213e+13,7.095e+13,7.06e+13
1470,20.5,NA,NA,0,0,0,0,0,0,0,0,0,0,0,0,0,0,0,0,0,0,0,0,0,0,0,0,0,0,0,0,0,0,0,0,0,0,0,0,0,0,0,0,0,0,0,0,0,0,0,0,0,0,0,0,0,0,0,0,0,0,0,0,0,0,0,0,0,359400,56750000,1.158e+09,6.184e+09,8.155e+09,1.438e+10,1.621e+10,2.575e+10,3.771e+10,4.492e+10,5.959e+10,1.157e+11,1.302e+11,1.906e+11,2.333e+11,3.996e+11,1.032e+12,2.551e+12,4.415e+12,5.231e+12,6.331e+12,6.676e+12,7.186e+12,7.916e+12,7.489e+12,9.833e+12,1.054e+13,9.807e+12,1.161e+13,9.007e+12,1.21e+13,9.655e+12,1.843e+13,1.931e+13,2.045e+13,2.187e+13,2.265e+13,2.214e+13,2.094e+13,2.488e+13,2.612e+13,2.867e+13,3.116e+13,3.111e+13,3.235e+13,3.267e+13,3.309e+13,3.399e+13,3.49e+13,3.215e+13,3.415e+13,3.518e+13,3.336e+13,3.34e+13,3.375e+13,3.164e+13,3.26e+13,3.229e+13,3.322e+13,3.213e+13,3.246e+13,3.276e+13,3.283e+13,3.255e+13,3.114e+13,3.052e+13,3.004e+13,3.058e+13,3.088e+13,3.175e+13,3.101e+13,3.126e+13,2.992e+13,3.054e+13,3.14e+13,3.204e+13,3.372e+13,3.401e+13,3.517e+13,3.613e+13,3.697e+13,3.789e+13,3.865e+13,3.842e+13,4.151e+13,4.259e+13,4.358e+13,4.445e+13,4.461e+13,4.42e+13,4.433e+13
1485,20.75,NA,NA,0,0,0,0,0,0,0,0,0,0,0,0,0,0,0,0,0,0,0,0,0,0,0,0,0,0,0,0,0,0,0,0,0,0,0,0,0,0,0,0,0,0,0,0,0,0,0,0,0,0,0,0,0,0,0,0,0,0,0,0,0,0,0,0,0,205300,31700000,618300000,3.158e+09,4.097e+09,7.033e+09,7.766e+09,1.199e+10,1.699e+10,1.979e+10,2.486e+10,4.697e+10,5.037e+10,6.967e+10,8.324e+10,1.292e+11,3.112e+11,8.11e+11,1.512e+12,1.908e+12,2.376e+12,2.54e+12,2.726e+12,3.01e+12,2.846e+12,3.734e+12,3.995e+12,3.71e+12,4.383e+12,3.395e+12,4.556e+12,3.63e+12,6.921e+12,7.244e+12,7.662e+12,8.194e+12,8.48e+12,8.281e+12,7.834e+12,9.306e+12,9.758e+12,1.07e+13,1.164e+13,1.162e+13,1.202e+13,1.215e+13,1.23e+13,1.262e+13,1.281e+13,1.179e+13,1.255e+13,1.29e+13,1.209e+13,1.189e+13,1.206e+13,1.129e+13,1.156e+13,1.128e+13,1.137e+13,1.091e+13,1.101e+13,1.1e+13,1.096e+13,1.079e+13,1.015e+13,9.777e+12,9.515e+12,9.645e+12,9.835e+12,1.022e+13,1.001e+13,9.977e+12,9.402e+12,9.607e+12,1.006e+13,1.049e+13,1.124e+13,1.149e+13,1.205e+13,1.258e+13,1.309e+13,1.36e+13,1.408e+13,1.429e+13,1.579e+13,1.651e+13,1.715e+13,1.777e+13,1.801e+13,1.799e+13,1.821e+13
1500,21,NA,NA,0,0,0,0,0,0,0,0,0,0,0,0,0,0,0,0,0,0,0,0,0,0,0,0,0,0,0,0,0,0,0,0,0,0,0,0,0,0,0,0,0,0,0,0,0,0,0,0,0,0,0,0,0,0,0,0,0,0,0,0,0,0,0,0,0,60580,9508000,184400000,924100000,1.189e+09,2.012e+09,2.195e+09,3.333e+09,4.624e+09,5.308e+09,6.439e+09,1.194e+10,1.24e+10,1.648e+10,1.935e+10,2.755e+10,5.824e+10,1.378e+11,2.56e+11,3.316e+11,4.192e+11,4.507e+11,4.794e+11,5.275e+11,4.954e+11,6.45e+11,6.837e+11,6.298e+11,7.364e+11,5.652e+11,7.521e+11,5.932e+11,1.121e+12,1.163e+12,1.218e+12,1.291e+12,1.324e+12,1.281e+12,1.202e+12,1.415e+12,1.469e+12,1.598e+12,1.725e+12,1.708e+12,1.74e+12,1.75e+12,1.759e+12,1.789e+12,1.776e+12,1.621e+12,1.722e+12,1.754e+12,1.607e+12,1.536e+12,1.557e+12,1.45e+12,1.466e+12,1.396e+12,1.362e+12,1.29e+12,1.297e+12,1.278e+12,1.26e+12,1.228e+12,1.129e+12,1.061e+12,1.018e+12,1.027e+12,1.064e+12,1.126e+12,1.109e+12,1.091e+12,1.01e+12,1.037e+12,1.12e+12,1.209e+12,1.334e+12,1.397e+12,1.506e+12,1.618e+12,1.734e+12,1.85e+12,1.971e+12,2.084e+12,2.413e+12,2.626e+12,2.822e+12,3.025e+12,3.142e+12,3.209e+12,3.327e+12
1515,21.25,NA,NA,0,0,0,0,0,0,0,0,0,0,0,0,0,0,0,0,0,0,0,0,0,0,0,0,0,0,0,0,0,0,0,0,0,0,0,0,0,0,0,0,0,0,0,0,0,0,0,0,0,0,0,0,0,0,0,0,0,0,0,0,0,0,0,0,0,3143,525900,10850000,56500000,73600000,126500000,139600000,214600000,301700000,349200000,429500000,802600000,840700000,1.126e+09,1.327e+09,1.901e+09,3.987e+09,9.031e+09,1.615e+10,2.028e+10,2.516e+10,2.668e+10,2.811e+10,3.056e+10,2.837e+10,3.65e+10,3.813e+10,3.504e+10,4.045e+10,3.066e+10,4.02e+10,3.091e+10,5.822e+10,5.957e+10,6.169e+10,6.371e+10,6.501e+10,6.183e+10,5.719e+10,6.594e+10,6.719e+10,7.247e+10,7.674e+10,7.462e+10,7.498e+10,7.41e+10,7.313e+10,7.298e+10,7.13e+10,6.361e+10,6.641e+10,6.627e+10,5.955e+10,5.6e+10,5.554e+10,5.07e+10,5.02e+10,4.686e+10,4.482e+10,4.168e+10,4.097e+10,3.955e+10,3.816e+10,3.613e+10,3.265e+10,3.015e+10,2.831e+10,2.798e+10,2.821e+10,2.91e+10,2.791e+10,2.691e+10,2.439e+10,2.444e+10,2.573e+10,2.706e+10,2.929e+10,2.991e+10,3.18e+10,3.359e+10,3.542e+10,3.735e+10,3.918e+10,4.066e+10,4.626e+10,4.961e+10,5.247e+10,5.567e+10,5.699e+10,5.747e+10,5.882e+10
1530,21.5,NA,NA,0,0,0,0,0,0,0,0,0,0,0,0,0,0,0,0,0,0,0,0,0,0,0,0,0,0,0,0,0,0,0,0,0,0,0,0,0,0,0,0,0,0,0,0,0,0,0,0,0,0,0,0,0,0,0,0,0,0,0,0,0,0,0,0,0,85.9,15950,335200,1701000,2191000,3683000,3996000,6006000,8203000,9348000,10980000,20110000,20320000,25970000,30130000,39180000,70760000,134900000,221600000,265800000,328400000,351500000,379600000,420500000,398900000,524700000,5.62e+08,523300000,618600000,479300000,643300000,511600000,975800000,1.02e+09,1.077e+09,1.148e+09,1.187e+09,1.156e+09,1.091e+09,1.292e+09,1.351e+09,1.478e+09,1.602e+09,1.595e+09,1.648e+09,1.66e+09,1.677e+09,1.716e+09,1.746e+09,1.602e+09,1.701e+09,1.746e+09,1.643e+09,1.629e+09,1.646e+09,1.54e+09,1.582e+09,1.557e+09,1.593e+09,1.538e+09,1.553e+09,1.564e+09,1.567e+09,1.552e+09,1.484e+09,1.455e+09,1.434e+09,1.461e+09,1.474e+09,1.515e+09,1.48e+09,1.494e+09,1.432e+09,1.462e+09,1.501e+09,1.532e+09,1.615e+09,1.631e+09,1.691e+09,1.744e+09,1.793e+09,1.847e+09,1.896e+09,1.905e+09,2.087e+09,2.172e+09,2.253e+09,2.332e+09,2.367e+09,2.37e+09,2.406e+09
1545,21.75,NA,NA,0,0,0,0,0,0,0,0,0,0,0,0,0,0,0,0,0,0,0,0,0,0,0,0,0,0,0,0,0,0,0,0,0,0,0,0,0,0,0,0,0,0,0,0,0,0,0,0,0,0,0,0,0,0,0,0,0,0,0,0,0,0,0,0,0,0,0,0,0,6.293e-30,3.661e-25,2.415e-22,3.304e-19,2.157e-16,7.835e-15,5.002e-12,1.23e-10,4.759e-09,2.025e-07,9.627e-07,0.0001824,0.067,7.6,88.94,390.8,1055,2030,3338,5719,7981,14990,22360,28290,44680,45470,78860,80030,191800,249100,322800,419000,520400,602100,672200,932000,1125000,1416000,1760000,1990000,2264000,2578000,2905000,3280000,3505000,3519000,4133000,4580000,4429000,4389000,4857000,4859000,5193000,5094000,5020000,4957000,5284000,5374000,5504000,5642000,5215000,4896000,4769000,4968000,5521000,6265000,6458000,6394000,5870000,6253000,7352000,8680000,10330000,11540000,13290000,15280000,17520000,19840000,22590000,26220000,33550000,39880000,46270000,53460000,58940000,63510000,69630000
1560,22,NA,NA,0,0,0,0,0,0,0,0,0,0,0,0,0,0,0,0,0,0,0,0,0,0,0,0,0,0,0,0,0,0,0,0,0,0,0,0,0,0,0,0,0,0,0,0,0,0,0,0,0,0,0,0,0,0,0,0,0,0,0,0,0,0,0,0,0,0,0,0,0,0,0,0,0,0,0,0,0,0,0,0,0,0,0,0,0,0,0,0,0,0,0,0,0,0,0,0,0,0,0,0,0,0,0,0,0,0,0,0,0,0,0,0,0,0,0,0,0,0,0,0,0,0,0,0,0,0,0,0,0,0,0,0,0,0,0,0,0,0,0,0,0,0,0,0,0,0,0,0,0,0,0,0,0,0,0,0
1575,22.25,NA,NA,0,0,0,0,0,0,0,0,0,0,0,0,0,0,0,0,0,0,0,0,0,0,0,0,0,0,0,0,0,0,0,0,0,0,0,0,0,0,0,0,0,0,0,0,0,0,0,0,0,0,0,0,0,0,0,0,0,0,0,0,0,0,0,0,0,0,0,0,0,0,0,0,0,0,0,0,0,0,0,0,0,0,0,0,0,0,0,0,0,0,0,0,0,0,0,0,0,0,0,0,0,0,0,0,0,0,0,0,0,0,0,0,0,0,0,0,0,0,0,0,0,0,0,0,0,0,0,0,0,0,0,0,0,0,0,0,0,0,0,0,0,0,0,0,0,0,0,0,0,0,0,0,0,0,0,0
1590,22.5,NA,NA,0,0,0,0,0,0,0,0,0,0,0,0,0,0,0,0,0,0,0,0,0,0,0,0,0,0,0,0,0,0,0,0,0,0,0,0,0,0,0,0,0,0,0,0,0,0,0,0,0,0,0,0,0,0,0,0,0,0,0,0,0,0,0,0,0,0,0,0,0,0,0,0,0,0,0,0,0,0,0,0,0,0,0,0,0,0,0,0,0,0,0,0,0,0,0,0,0,0,0,0,0,0,0,0,0,0,0,0,0,0,0,0,0,0,0,0,0,0,0,0,0,0,0,0,0,0,0,0,0,0,0,0,0,0,0,0,0,0,0,0,0,0,0,0,0,0,0,0,0,0,0,0,0,0,0,0
1605,22.75,NA,NA,0,0,0,0,0,0,0,0,0,0,0,0,0,0,0,0,0,0,0,0,0,0,0,0,0,0,0,0,0,0,0,0,0,0,0,0,0,0,0,0,0,0,0,0,0,0,0,0,0,0,0,0,0,0,0,0,0,0,0,0,0,0,0,0,0,0,0,0,0,0,0,0,0,0,0,0,0,0,0,0,0,0,0,0,0,0,0,0,0,0,0,0,0,0,0,0,0,0,0,0,0,0,0,0,0,0,0,0,0,0,0,0,0,0,0,0,0,0,0,0,0,0,0,0,0,0,0,0,0,0,0,0,0,0,0,0,0,0,0,0,0,0,0,0,0,0,0,0,0,0,0,0,0,0,0,0
1620,23,NA,NA,0,0,0,0,0,0,0,0,0,0,0,0,0,0,0,0,0,0,0,0,0,0,0,0,0,0,0,0,0,0,0,0,0,0,0,0,0,0,0,0,0,0,0,0,0,0,0,0,0,0,0,0,0,0,0,0,0,0,0,0,0,0,0,0,0,0,0,0,0,0,0,0,0,0,0,0,0,0,0,0,0,0,0,0,0,0,0,0,0,0,0,0,0,0,0,0,0,0,0,0,0,0,0,0,0,0,0,0,0,0,0,0,0,0,0,0,0,0,0,0,0,0,0,0,0,0,0,0,0,0,0,0,0,0,0,0,0,0,0,0,0,0,0,0,0,0,0,0,0,0,0,0,0,0,0,0
